id,age,sex,zone,origin_area,current_area,education_level,unemployed,underemployed,monthly_income,household_poverty,opp_origin,opp_destination,security_origin,security_destination,migrated_5yrs,intent_migrate_12m
1,24,1,South West,0,0,1,0,0,17257,6,1,1,2,3,0,0
2,19,0,South West,0,1,3,0,0,27195,4,5,5,5,5,0,0
3,21,0,North East,0,0,3,0,0,33209,3,2,3,2,2,0,0
4,23,1,North Central,0,0,3,1,0,0,6,5,5,3,4,1,0
5,18,0,North Central,0,0,2,1,0,0,6,1,3,4,4,1,0
6,35,1,North West,1,1,3,0,1,16068,6,4,3,4,3,0,0
7,33,1,North Central,0,0,1,0,1,18892,5,4,5,2,3,0,0
8,33,0,South West,0,0,1,0,0,20120,5,4,4,2,3,0,1
9,31,1,South South,1,1,2,1,0,0,6,5,4,3,3,0,0
10,25,1,South West,0,0,3,0,0,75609,2,3,2,4,5,0,0
11,23,0,South East,1,1,3,0,0,52782,2,5,5,4,4,1,0
12,21,1,North Central,1,1,3,1,0,0,6,5,5,2,1,0,0
13,35,0,South East,1,1,3,1,0,0,6,2,1,4,3,1,0
14,32,1,South West,0,0,2,0,0,37742,3,3,2,4,3,1,0
15,34,1,North West,0,1,3,0,0,38143,3,4,3,5,4,1,0
16,25,1,North West,0,1,2,0,1,40779,3,1,2,4,5,1,1
17,35,1,South South,0,1,2,0,0,22534,5,2,4,3,4,1,1
18,34,1,South West,1,1,3,0,0,49582,2,2,2,3,3,0,0
19,18,0,South East,0,0,3,0,0,32580,4,2,3,2,2,1,1
20,35,1,North West,0,1,3,0,0,74315,2,2,1,5,5,0,0
21,26,1,North Central,0,0,1,0,0,13320,6,1,3,4,3,0,1
22,35,1,South West,0,1,3,0,0,33030,3,3,5,2,2,1,0
23,29,1,South West,0,0,2,0,0,20837,5,1,1,2,2,1,0
24,35,1,South South,0,1,2,0,0,36653,3,5,4,3,3,0,0
25,34,0,South East,1,1,1,0,1,41532,3,5,5,2,2,1,0
26,35,1,South West,0,1,3,0,0,23537,5,1,1,4,4,1,0
27,24,0,South West,0,0,3,0,0,41532,3,5,5,3,3,0,0
28,24,1,South South,1,1,3,0,0,30147,4,5,5,2,3,0,0
29,33,1,North West,1,1,2,0,0,31271,4,2,4,4,3,0,1
30,33,1,South West,0,0,3,0,0,71817,2,4,4,3,3,1,0
31,26,1,North East,0,0,2,1,1,0,6,4,5,5,5,0,0
32,33,1,North Central,0,0,3,0,0,25726,4,3,3,3,4,0,0
33,22,1,South East,1,1,3,0,0,24340,5,1,1,2,3,0,0
34,19,0,South East,0,0,2,0,0,12739,6,4,4,4,5,0,0
35,25,1,South West,0,0,2,0,0,14511,6,5,5,2,2,0,0
36,25,0,South South,1,1,2,0,0,33183,3,2,2,4,5,1,0
37,31,0,North East,1,1,3,0,0,76116,2,4,5,3,3,1,1
38,20,0,North East,1,1,1,0,0,16196,6,2,4,5,5,0,0
39,35,1,North East,0,0,3,0,0,13241,6,5,5,5,5,1,0
40,31,0,South East,0,0,1,0,1,14286,6,2,1,3,3,0,1
41,34,1,South South,1,1,2,0,0,10889,6,5,5,3,2,0,1
42,31,1,North East,1,1,3,1,0,0,6,5,5,4,4,0,1
43,20,1,North West,0,0,2,0,1,40016,3,2,4,3,4,1,0
44,26,0,South East,0,1,3,1,0,0,6,1,1,4,3,1,0
45,24,1,South East,1,1,3,0,1,90815,2,1,2,2,1,0,0
46,22,0,North West,1,1,3,1,1,0,6,2,2,4,3,1,0
47,20,0,South East,0,0,1,0,0,19802,5,2,2,3,2,1,1
48,29,0,South East,0,1,2,0,1,40712,3,2,1,4,5,0,1
49,32,1,North East,0,0,3,0,0,25316,4,5,4,3,4,1,1
50,19,0,South South,1,1,1,0,0,16764,6,2,2,4,5,0,0
51,23,0,North Central,1,1,2,0,0,22835,5,3,5,2,2,1,0
52,30,1,South South,0,0,1,1,0,0,6,4,3,2,3,0,0
53,26,0,North West,1,1,2,0,0,22515,5,1,1,2,3,0,1
54,23,0,North East,0,0,3,0,1,19011,5,4,5,3,4,0,0
55,29,1,North West,0,1,3,0,0,82356,2,5,5,3,2,0,0
56,23,0,North Central,1,1,3,0,1,38724,3,4,5,4,3,0,0
57,28,0,North East,0,0,3,1,1,0,6,3,5,4,4,1,1
58,25,0,North West,1,1,2,0,0,39245,3,1,2,5,5,0,0
59,33,0,North Central,0,0,3,0,0,46937,2,2,1,3,4,0,0
60,24,1,North Central,1,1,3,0,0,22223,5,2,3,3,2,0,0
61,21,0,South South,1,1,2,0,0,37486,3,2,4,2,2,1,0
62,32,0,South West,0,0,3,0,0,40615,3,5,5,2,2,0,0
63,32,1,South East,0,0,2,0,0,40666,3,2,1,2,3,0,0
64,24,1,South South,1,1,2,0,0,33267,3,4,5,3,4,1,0
65,23,0,South West,1,1,3,0,0,38874,3,4,4,5,5,0,0
66,22,1,South East,1,1,2,0,0,19275,5,2,1,2,1,0,0
67,26,0,South West,0,0,1,0,0,15543,6,5,5,3,3,0,0
68,23,0,North West,0,0,2,0,0,16483,6,2,1,4,5,1,0
69,33,0,North East,1,1,2,1,0,0,6,1,1,4,5,1,0
70,19,1,North West,1,1,3,0,0,42123,3,1,2,2,1,0,0
71,20,1,North Central,1,1,2,0,0,41748,3,1,1,5,4,0,0
72,26,0,North Central,0,0,2,0,0,29049,4,4,5,2,2,0,0
73,22,0,North West,1,1,3,0,0,26671,4,3,3,2,1,0,0
74,33,0,South West,1,1,3,0,0,26420,4,4,5,4,5,0,0
75,21,0,South East,0,1,2,0,0,95733,2,4,4,3,3,1,0
76,22,0,South West,0,0,1,0,0,19252,5,2,4,5,5,1,1
77,25,1,South West,0,1,2,0,0,19125,5,1,2,5,5,0,0
78,32,0,South South,0,0,2,0,0,49864,2,5,5,3,2,1,0
79,26,1,South West,0,1,2,0,0,25676,4,3,4,2,1,0,0
80,25,1,North East,0,0,2,0,0,24888,5,3,2,4,5,0,0
81,22,1,South South,0,0,2,0,0,18001,5,2,4,3,4,1,0
82,33,0,North Central,1,1,2,0,0,26513,4,5,5,4,5,1,0
83,31,0,North Central,1,1,3,0,0,21283,5,3,4,2,3,0,0
84,33,1,North East,1,1,1,0,0,24799,5,3,5,4,4,0,1
85,33,0,South West,0,0,2,0,0,29171,4,5,5,2,2,0,0
86,18,0,North West,0,0,3,0,0,10763,6,3,3,2,2,0,0
87,28,0,North Central,0,1,1,0,0,40761,3,5,5,5,4,1,0
88,26,0,North West,1,1,3,1,0,0,6,5,5,5,5,0,0
89,25,0,South West,1,1,1,0,0,19123,5,1,3,4,4,0,1
90,33,0,North Central,0,0,2,0,0,20724,5,2,4,2,2,1,0
91,19,0,North East,0,0,2,1,0,0,6,5,5,2,2,1,1
92,26,1,South West,1,1,3,0,0,48350,2,1,1,3,2,1,1
93,19,0,North West,1,1,2,0,0,57656,2,3,4,3,4,1,1
94,30,1,North East,1,1,1,0,0,26374,4,5,5,2,2,1,1
95,28,1,North West,0,0,3,0,0,33903,3,4,5,5,5,1,1
96,28,0,South East,1,1,2,0,1,29695,4,2,3,4,5,0,0
97,18,1,South East,1,1,2,0,0,31431,4,1,1,2,2,0,1
98,24,0,North East,0,1,2,0,0,35001,3,1,3,5,4,1,1
99,23,0,North East,1,1,1,0,1,20563,5,1,3,5,5,1,0
100,23,1,North East,0,1,2,0,0,29778,4,3,4,5,5,0,0
101,31,1,North East,1,1,3,0,0,18569,5,5,5,2,2,0,1
102,29,1,South South,0,1,2,0,0,20037,5,4,3,4,5,0,0
103,21,0,North West,0,0,1,0,0,20687,5,4,3,5,5,0,0
104,32,1,South West,1,1,1,0,0,46779,2,3,3,5,4,0,0
105,30,0,South South,1,1,2,0,0,11983,6,1,1,2,1,0,1
106,32,1,North East,1,1,1,0,0,11358,6,3,3,4,4,0,0
107,30,1,North East,1,1,3,0,1,35158,3,1,2,2,3,1,0
108,24,1,North West,0,0,3,1,0,0,6,4,5,2,3,0,0
109,33,1,South East,1,1,2,1,0,0,6,2,2,4,4,0,0
110,23,1,North West,1,1,1,1,0,0,6,4,4,3,3,1,1
111,22,0,North East,0,0,2,0,0,17233,6,1,1,3,4,0,0
112,19,1,South South,0,1,1,0,0,44111,2,2,2,5,5,0,1
113,21,1,South West,0,0,1,0,1,10504,6,5,5,3,2,0,1
114,27,1,North Central,0,0,2,0,0,11519,6,1,2,5,4,0,0
115,28,1,South South,1,1,2,0,0,26960,4,2,1,2,2,0,0
116,28,1,South West,1,1,2,0,0,21063,5,1,1,4,4,1,0
117,32,0,South West,0,1,3,0,0,34621,3,3,5,2,1,1,1
118,23,0,North West,0,0,2,0,1,22832,5,5,5,2,1,0,0
119,31,1,North West,0,0,1,0,0,13543,6,3,2,5,4,1,0
120,20,1,South West,0,0,3,0,1,34116,3,2,1,2,2,0,1
121,34,1,South South,0,0,1,0,0,19395,5,2,1,2,2,0,0
122,24,0,South West,1,1,3,0,0,49491,2,3,3,4,4,0,0
123,21,1,South West,1,1,2,0,0,22827,5,4,5,5,5,0,1
124,24,1,South East,0,0,1,0,0,22338,5,2,3,5,5,0,1
125,31,0,North West,1,1,2,0,0,31284,4,4,5,5,4,0,0
126,21,0,South West,0,0,2,0,0,30873,4,4,4,4,4,0,0
127,29,1,North Central,1,1,2,0,0,44911,2,2,3,2,3,1,1
128,31,0,South East,1,1,2,1,0,0,6,5,5,3,2,0,1
129,18,0,South West,1,1,2,0,1,28323,4,2,1,3,2,0,0
130,30,1,South South,1,1,1,0,0,28714,4,1,2,4,4,0,0
131,27,0,North East,0,0,3,0,0,45904,2,3,5,2,3,1,1
132,29,0,North West,1,1,3,0,0,34061,3,4,5,3,2,0,0
133,22,1,South East,0,0,3,1,1,0,6,4,5,2,1,1,0
134,23,1,North East,1,1,1,0,0,39260,3,1,1,2,2,1,1
135,25,0,South West,1,1,2,0,0,34532,3,2,3,5,5,1,0
136,21,0,North Central,0,0,2,0,0,37271,3,1,1,4,3,0,1
137,33,1,North Central,1,1,2,0,0,32133,4,2,3,5,5,0,0
138,19,0,South West,0,1,3,0,0,94295,2,2,3,3,3,1,1
139,19,0,North West,0,1,2,0,0,44597,2,4,5,3,3,1,1
140,30,0,North Central,1,1,2,0,0,44662,2,2,3,2,2,0,0
141,21,0,North Central,0,0,1,0,0,19368,5,3,5,5,5,1,1
142,35,1,North West,0,0,3,0,0,36058,3,1,1,4,4,0,1
143,25,0,South South,0,0,2,0,0,20856,5,3,3,5,5,0,0
144,30,1,North Central,1,1,2,0,0,49539,2,4,5,3,2,0,0
145,30,0,South South,1,1,3,0,0,34563,3,1,3,5,5,1,1
146,32,0,North West,0,0,2,0,0,19117,5,1,2,2,1,1,0
147,25,0,North Central,0,1,1,0,1,15786,6,5,5,3,2,1,0
148,31,1,South South,1,1,2,0,0,24740,5,5,5,5,5,0,1
149,35,1,North East,0,0,2,0,1,17050,6,5,5,4,3,0,0
150,22,1,South South,1,1,2,0,0,21504,5,1,2,2,3,0,1
151,26,1,North West,0,0,2,0,0,23005,5,2,4,4,5,1,0
152,27,0,South West,0,1,1,0,0,13922,6,2,3,2,3,1,1
153,33,0,South South,0,0,3,0,0,34901,3,5,5,3,4,0,0
154,35,1,South West,1,1,3,0,0,33892,3,2,2,3,3,0,1
155,21,0,South East,0,1,1,1,0,0,6,1,1,4,4,1,0
156,32,1,North East,0,0,2,0,0,25904,4,2,1,3,3,1,0
157,27,0,North West,1,1,1,0,0,22101,5,1,1,5,4,1,1
158,28,1,North West,1,1,2,0,1,40554,3,4,3,3,3,1,0
159,24,0,North West,1,1,2,0,0,27826,4,5,5,2,2,0,0
160,25,1,North West,0,0,3,0,0,47789,2,3,3,3,2,0,0
161,30,0,North West,0,1,2,0,1,25876,4,5,5,5,4,0,0
162,27,1,South West,0,1,2,0,0,19013,5,5,5,4,4,0,0
163,33,1,South West,1,1,1,0,0,11823,6,3,5,5,4,1,0
164,29,1,North Central,0,1,2,0,0,65903,2,5,5,4,4,0,0
165,30,0,North East,0,0,1,0,0,17574,6,5,5,3,2,0,0
166,26,1,South South,0,0,2,0,0,19563,5,5,5,2,2,1,1
167,23,1,South West,1,1,2,0,1,15906,6,3,3,2,1,0,0
168,33,1,North West,1,1,2,0,1,31738,4,1,2,5,5,0,1
169,18,1,North East,0,0,2,0,0,25621,4,5,5,3,2,0,1
170,31,0,North East,1,1,2,0,0,59972,2,3,3,4,5,0,0
171,34,0,North East,0,0,2,0,0,58598,2,1,2,5,5,0,0
172,18,0,North West,0,0,1,0,0,28588,4,4,4,5,5,1,0
173,26,0,South West,0,0,3,0,1,39865,3,3,4,2,1,0,0
174,28,0,South South,1,1,2,0,0,30179,4,3,4,3,3,1,1
175,34,0,South South,1,1,2,0,0,21758,5,5,4,5,5,0,0
176,25,0,South East,0,0,3,0,0,40262,3,2,4,3,3,1,0
177,35,1,North Central,0,1,1,0,1,20384,5,5,5,5,5,0,0
178,20,1,South South,1,1,3,0,0,47744,2,3,5,2,3,1,0
179,32,1,South East,0,0,1,0,0,22340,5,2,1,5,5,0,0
180,30,1,North West,0,0,2,0,1,26794,4,2,4,4,4,0,1
181,30,0,North West,0,0,2,1,0,0,6,1,1,4,4,1,0
182,31,0,South East,0,1,3,0,0,25110,4,1,1,5,5,1,0
183,32,1,South West,0,1,2,0,0,23876,5,2,3,5,5,1,0
184,33,1,South East,1,1,2,0,0,38159,3,5,5,3,4,0,0
185,21,1,South West,1,1,1,0,0,25649,4,2,1,5,4,0,0
186,26,0,North Central,1,1,3,0,0,44331,2,1,1,5,4,0,0
187,31,1,North West,1,1,3,0,0,31275,4,5,5,4,5,0,0
188,27,1,North East,0,1,2,1,0,0,6,5,5,5,5,1,1
189,35,1,North Central,1,1,1,0,0,14428,6,1,2,5,5,1,0
190,20,0,South South,1,1,1,0,0,27579,4,4,5,3,4,0,0
191,34,1,South West,1,1,2,0,0,25793,4,4,5,3,2,1,0
192,21,1,South West,1,1,2,1,0,0,6,3,2,2,1,0,0
193,32,1,North Central,1,1,2,1,0,0,6,4,5,5,4,1,1
194,23,0,South West,1,1,1,0,1,21403,5,1,1,4,5,0,0
195,27,1,South South,0,1,3,0,0,55637,2,2,2,4,4,0,1
196,19,1,South South,0,0,2,0,0,28083,4,1,2,5,4,1,0
197,26,0,South South,0,0,1,0,0,18165,5,3,2,3,4,0,0
198,25,1,North Central,0,0,2,0,0,34155,3,2,3,4,5,0,0
199,25,1,North Central,1,1,2,0,1,46819,2,4,5,2,3,0,0
200,27,1,North Central,0,0,1,1,1,0,6,3,2,4,4,0,0
201,26,1,South East,0,1,2,0,0,27661,4,4,5,3,3,0,0
202,31,0,North West,0,1,2,1,1,0,6,2,1,2,3,0,1
203,29,0,North West,0,0,2,0,0,22986,5,3,3,4,4,1,0
204,18,0,North East,1,1,1,0,0,34953,3,3,4,3,2,0,1
205,30,0,South West,0,1,3,0,0,52393,2,2,1,2,2,0,0
206,30,1,South East,1,1,2,0,1,43645,2,1,2,4,4,0,1
207,33,0,South East,0,1,2,0,0,17697,6,5,5,3,3,0,1
208,33,0,South East,0,0,1,0,0,29810,4,4,5,3,4,0,0
209,33,1,North West,1,1,2,0,0,65405,2,5,5,3,4,1,0
210,29,1,North Central,0,0,1,0,0,25805,4,2,2,2,1,0,1
211,19,0,North Central,0,0,1,0,0,17515,6,3,2,2,2,0,0
212,20,0,South South,1,1,2,0,1,18900,5,2,4,4,5,0,0
213,26,1,North East,0,1,3,0,0,46696,2,4,4,5,5,0,0
214,24,0,North East,1,1,3,1,1,0,6,1,2,2,2,1,0
215,25,0,North West,0,1,3,1,0,0,6,2,3,2,1,1,0
216,32,1,North Central,1,1,3,1,0,0,6,2,4,5,5,1,1
217,32,0,South South,1,1,1,0,0,61661,2,4,4,5,5,0,1
218,19,1,South West,0,1,2,0,0,20654,5,1,2,5,4,0,0
219,19,0,South South,1,1,2,0,0,39648,3,4,5,5,5,0,1
220,27,0,North West,0,0,2,0,0,16938,6,3,4,2,3,1,0
221,27,1,North East,0,1,2,0,1,51853,2,1,2,5,5,0,1
222,20,0,North East,0,0,1,0,0,13872,6,3,4,3,4,0,0
223,26,0,South South,1,1,3,0,0,23828,5,3,3,5,5,0,0
224,32,1,North East,1,1,3,0,0,51843,2,4,5,4,4,0,1
225,32,1,South East,1,1,3,0,0,37035,3,2,3,2,1,1,1
226,35,0,South East,0,0,1,0,1,25077,4,5,5,5,4,0,0
227,23,0,South West,0,0,2,0,0,20226,5,4,5,2,1,0,0
228,23,0,North West,0,0,3,0,0,21337,5,4,4,3,2,1,0
229,29,0,North East,1,1,2,0,0,30768,4,5,5,3,3,0,0
230,25,1,North East,0,1,3,0,0,85461,2,5,5,5,4,1,0
231,33,0,South West,0,0,1,0,1,14883,6,2,1,2,1,0,1
232,19,1,North East,1,1,2,0,1,39633,3,1,2,2,1,1,0
233,31,0,South West,0,0,2,0,0,13133,6,3,3,3,4,0,0
234,24,1,North Central,1,1,2,0,0,32562,4,1,2,5,5,1,0
235,29,1,South East,0,0,1,0,0,17943,5,2,2,2,1,1,0
236,26,1,South South,0,0,3,0,1,74297,2,2,4,4,4,1,0
237,30,0,North East,0,0,2,1,1,0,6,3,4,5,4,1,0
238,35,1,South East,0,0,2,0,0,31129,4,3,2,5,4,0,0
239,21,1,South South,0,0,3,0,0,20346,5,4,5,2,3,0,1
240,22,1,South East,1,1,3,0,0,55715,2,5,5,5,5,1,1
241,34,1,North East,1,1,2,0,0,30453,4,5,5,2,3,0,1
242,35,0,North West,0,0,3,0,0,36038,3,5,5,2,2,0,0
243,22,0,North Central,0,1,2,0,0,44799,2,1,2,5,5,1,0
244,23,0,North West,0,1,2,0,0,18972,5,1,2,2,2,0,1
245,26,1,South West,0,0,1,0,0,20781,5,3,4,2,1,0,1
246,35,0,North East,0,0,2,1,0,0,6,4,5,5,5,1,0
247,21,1,North East,0,0,3,0,0,22414,5,1,3,4,5,0,0
248,22,0,North West,1,1,2,0,0,35587,3,5,5,2,2,0,1
249,20,0,North West,1,1,2,0,0,21367,5,1,2,4,3,0,1
250,33,1,North Central,0,0,2,0,1,24923,5,4,5,4,5,1,0
251,32,0,South West,0,0,2,0,0,42741,3,5,5,2,2,0,1
252,20,0,North Central,0,0,2,0,0,11888,6,3,2,5,4,0,1
253,18,0,North East,0,0,2,0,0,30384,4,4,5,4,3,1,1
254,32,1,North East,1,1,2,0,0,17570,6,2,3,2,2,0,0
255,34,0,North West,1,1,2,0,0,16059,6,5,5,3,3,0,1
256,30,0,North West,0,0,3,0,1,42396,3,5,5,4,5,1,0
257,24,1,North Central,0,1,3,1,0,0,6,4,5,4,3,1,1
258,25,1,South East,0,1,2,0,1,25288,4,5,5,2,2,0,1
259,28,0,South East,1,1,2,0,0,44371,2,3,5,2,2,1,1
260,26,0,South South,0,0,3,0,0,28088,4,4,5,3,3,1,1
261,19,0,South West,1,1,2,0,0,42340,3,3,4,2,3,0,0
262,33,0,North West,1,1,3,0,1,89559,2,2,4,2,3,1,0
263,21,1,South West,0,0,2,0,0,24107,5,1,2,4,3,0,0
264,23,1,North West,0,0,3,0,1,40184,3,5,4,2,3,0,0
265,23,1,South South,0,0,2,0,0,44407,2,5,5,3,3,1,0
266,30,1,South East,0,0,3,0,0,13748,6,5,5,3,3,1,0
267,20,0,North West,0,1,2,0,0,31365,4,4,3,4,3,1,1
268,22,1,North West,0,1,2,0,0,21353,5,4,5,3,3,1,1
269,24,0,North Central,1,1,1,0,0,27525,4,5,5,3,2,0,0
270,32,1,South East,0,1,3,0,0,25026,4,5,5,4,4,0,1
271,25,1,North West,0,0,2,0,0,20109,5,2,4,2,3,1,1
272,24,0,South South,1,1,2,0,0,37932,3,4,4,3,3,0,0
273,29,1,North West,1,1,2,0,0,20730,5,4,5,5,4,1,1
274,31,0,North Central,0,0,2,0,0,24634,5,2,2,3,4,0,0
275,30,0,North East,1,1,1,0,0,22504,5,3,3,5,4,0,1
276,29,1,South East,1,1,3,0,0,43265,2,4,5,3,3,0,1
277,22,1,North East,1,1,2,0,0,41275,3,3,3,4,4,0,0
278,22,0,North West,0,0,2,0,1,23834,5,5,5,2,2,1,0
279,19,1,North West,1,1,2,0,0,62168,2,3,5,4,3,1,0
280,18,1,South East,0,0,3,0,0,35853,3,1,1,3,4,0,0
281,20,1,South South,0,1,2,0,0,71710,2,4,5,4,3,1,0
282,34,1,South East,0,1,3,0,1,45779,2,5,5,5,5,0,0
283,35,1,North West,0,1,2,0,1,40276,3,3,5,2,2,0,0
284,33,0,North West,1,1,3,0,1,21891,5,4,4,3,3,1,1
285,21,0,North West,0,0,3,0,0,42177,3,1,1,2,2,0,0
286,34,1,North East,0,0,1,0,0,24213,5,4,5,5,4,1,0
287,25,0,South West,0,0,1,0,0,11977,6,2,4,3,2,0,1
288,18,1,South South,0,0,1,0,0,19827,5,5,5,5,4,1,0
289,22,0,North Central,0,0,1,1,1,0,6,2,2,5,4,1,1
290,29,1,South East,1,1,3,0,0,45839,2,2,3,4,4,0,1
291,20,1,South West,0,0,3,0,0,56045,2,2,3,3,3,1,0
292,23,1,North Central,1,1,2,0,0,24680,5,4,5,3,3,0,1
293,23,0,South East,0,0,2,0,1,23690,5,3,5,4,3,0,1
294,26,1,South East,1,1,2,0,0,17167,6,3,4,3,4,0,0
295,26,0,North West,0,0,2,0,0,15197,6,3,3,5,5,0,0
296,22,1,South East,0,1,2,0,1,33740,3,3,4,5,5,1,1
297,22,0,North West,0,0,3,0,0,35124,3,3,3,5,5,0,0
298,33,1,South West,0,0,3,0,0,24376,5,2,3,4,4,1,1
299,21,1,North West,0,0,2,0,0,18789,5,2,1,5,5,0,0
300,21,1,North Central,0,0,1,0,0,15028,6,2,4,3,3,1,1
301,28,0,North West,1,1,1,0,0,25313,4,1,1,3,3,0,0
302,27,1,South East,1,1,3,0,1,54234,2,2,2,5,5,1,0
303,28,0,South East,0,1,2,0,0,39767,3,1,2,5,4,0,0
304,30,0,North Central,0,1,2,0,0,22697,5,2,3,3,3,0,1
305,35,0,South South,0,1,1,0,0,17543,6,1,3,3,3,1,1
306,18,1,North West,0,0,3,0,1,37660,3,2,3,5,5,1,0
307,32,0,North West,0,0,1,0,1,13507,6,5,5,2,3,0,0
308,23,0,South West,0,0,2,0,0,26014,4,2,2,3,2,0,0
309,27,1,North West,0,0,2,0,1,27284,4,1,2,4,3,0,1
310,27,0,North Central,0,1,3,0,0,25763,4,2,4,2,3,1,1
311,35,0,North West,1,1,3,0,0,63736,2,4,5,2,1,1,1
312,31,0,North West,1,1,3,0,0,58545,2,4,4,2,3,0,0
313,30,0,South West,0,1,1,0,0,33429,3,5,5,3,3,1,0
314,21,1,South West,0,0,1,1,0,0,6,4,4,5,5,1,0
315,21,1,North East,0,0,2,1,0,0,6,5,4,2,2,1,0
316,24,0,North West,1,1,3,0,0,68710,2,1,3,2,3,0,0
317,30,1,North East,1,1,3,0,0,25168,4,2,2,4,5,1,0
318,25,0,North West,1,1,2,0,0,36514,3,2,4,3,3,1,0
319,20,1,South West,1,1,3,0,0,59655,2,3,3,3,3,1,0
320,35,1,South West,1,1,2,0,0,14770,6,3,2,4,3,1,0
321,32,0,South South,0,0,3,0,0,27605,4,5,5,2,2,0,1
322,34,1,South East,0,1,2,0,0,29826,4,4,5,3,2,0,1
323,23,0,South East,1,1,3,0,0,43066,3,2,1,3,3,1,0
324,31,0,North Central,0,1,2,0,0,33322,3,2,3,4,5,0,0
325,33,0,South West,1,1,2,1,0,0,6,3,3,3,2,1,0
326,29,0,North West,0,1,3,0,0,31832,4,2,3,3,3,0,0
327,28,0,South East,0,0,2,0,0,19769,5,2,2,2,3,1,1
328,30,0,South East,0,1,3,0,0,28845,4,4,4,4,3,0,0
329,32,0,South West,1,1,3,0,0,79841,2,2,3,4,3,0,0
330,33,1,North Central,0,0,3,1,1,0,6,2,3,5,4,0,1
331,23,1,North Central,1,1,3,0,0,22145,5,4,5,2,2,0,0
332,19,0,South West,0,0,1,0,1,22765,5,5,5,3,2,0,0
333,27,1,South South,1,1,2,0,1,17727,6,5,5,2,3,1,0
334,22,1,North West,1,1,2,0,1,26012,4,5,5,4,3,1,1
335,35,1,South West,0,0,3,0,0,63915,2,5,4,5,5,1,0
336,27,1,South West,1,1,2,0,0,41118,3,5,5,5,5,0,0
337,34,1,North West,0,1,3,0,0,33451,3,3,3,2,2,0,1
338,33,0,North East,1,1,2,0,0,15340,6,3,2,5,5,0,0
339,20,0,South East,1,1,3,1,0,0,6,2,3,4,5,1,1
340,22,1,South South,0,1,2,1,0,0,6,4,3,2,2,0,1
341,33,0,South South,1,1,2,0,0,22460,5,1,3,2,1,0,1
342,21,1,South West,1,1,3,0,0,41627,3,3,4,2,1,0,0
343,35,0,South West,0,0,3,0,1,25020,4,3,2,5,5,0,0
344,25,1,South East,1,1,2,1,0,0,6,4,3,3,3,1,1
345,20,0,South East,0,0,1,1,0,0,6,2,1,2,3,1,0
346,29,0,South West,1,1,3,0,0,40594,3,4,5,3,2,0,0
347,25,0,North Central,1,1,3,0,0,20675,5,2,1,4,4,0,0
348,30,0,South West,1,1,2,0,0,62923,2,2,1,5,4,0,0
349,24,0,South East,0,0,2,0,0,19426,5,3,3,3,3,0,0
350,20,1,South West,0,1,2,0,0,20428,5,5,4,2,3,0,0
351,20,1,North West,0,0,3,0,0,29942,4,2,1,5,5,1,0
352,27,1,South West,0,1,2,0,0,35291,3,1,2,5,5,0,1
353,31,0,South South,0,0,3,0,1,74846,2,3,2,2,2,0,0
354,20,0,North Central,1,1,3,0,0,30733,4,4,3,3,4,0,0
355,35,1,South East,0,0,2,0,1,19818,5,4,3,3,4,0,0
356,35,0,North East,1,1,3,0,0,53051,2,2,1,5,5,0,0
357,22,0,South West,0,0,3,0,0,31810,4,4,5,2,1,1,0
358,25,1,North Central,0,0,1,0,1,14333,6,4,5,4,3,0,1
359,35,0,South West,0,1,2,0,1,58653,2,5,5,5,5,1,0
360,18,0,South South,1,1,2,0,0,30067,4,4,4,3,3,1,1
361,21,0,North Central,0,0,2,0,0,18148,5,3,3,5,5,1,0
362,19,0,South South,0,0,2,0,1,22708,5,1,1,3,4,0,0
363,21,1,North Central,1,1,1,0,0,32013,4,2,4,4,3,1,0
364,30,1,South South,1,1,3,0,0,32533,4,3,3,2,1,1,0
365,35,0,South South,0,0,2,0,0,17067,6,2,2,2,2,1,0
366,25,1,South West,1,1,1,0,0,30037,4,4,5,4,3,0,0
367,33,1,South East,0,0,2,0,0,28004,4,3,4,3,3,1,1
368,25,1,South East,1,1,3,1,0,0,6,1,1,4,3,0,1
369,33,1,South East,0,0,3,1,0,0,6,2,1,4,3,1,0
370,34,0,North East,0,0,2,0,0,19359,5,4,4,4,3,0,1
371,31,0,South South,0,1,3,0,0,44514,2,5,5,4,4,0,0
372,23,1,North West,0,0,1,0,0,23479,5,2,1,4,3,0,0
373,30,0,North Central,0,1,3,0,0,26777,4,3,5,3,3,1,1
374,25,1,South South,0,0,2,0,0,13698,6,4,5,3,3,1,1
375,27,0,North Central,1,1,2,0,0,28687,4,2,4,4,5,1,1
376,23,0,South East,1,1,3,0,1,20540,5,1,3,2,3,0,0
377,19,0,South West,0,1,2,0,0,42001,3,4,5,5,5,1,0
378,34,0,North Central,1,1,2,0,0,38920,3,3,4,2,1,1,0
379,19,0,North Central,1,1,1,0,0,33767,3,5,5,5,5,0,0
380,35,1,South South,1,1,1,0,0,32670,3,4,3,5,5,0,1
381,21,1,South West,0,0,2,0,0,28561,4,5,5,3,4,0,1
382,29,1,North West,0,0,1,0,0,35511,3,3,3,5,4,1,0
383,35,1,North Central,0,0,3,0,0,44034,2,5,5,3,4,0,1
384,25,0,North Central,1,1,1,0,0,28089,4,3,2,2,2,0,0
385,25,0,South South,0,1,2,0,0,44022,2,2,3,3,3,0,0
386,35,1,North Central,1,1,3,0,0,23057,5,1,2,4,5,1,0
387,18,1,South South,0,1,1,0,0,16966,6,4,4,5,5,1,0
388,25,1,South West,0,0,3,0,0,34384,3,3,3,3,3,0,0
389,23,0,South East,1,1,3,0,0,47504,2,3,4,4,3,1,1
390,33,0,North East,0,0,2,0,0,40336,3,4,5,2,3,1,0
391,24,0,North East,0,0,3,0,0,76505,2,2,2,3,2,1,1
392,32,0,North West,0,1,2,0,0,18332,5,2,3,2,3,0,1
393,26,1,North Central,1,1,3,1,0,0,6,1,1,2,3,0,0
394,35,0,South East,1,1,3,1,0,0,6,1,1,2,1,0,0
395,32,1,North Central,0,0,2,0,0,23642,5,3,2,3,3,1,0
396,27,0,South South,0,1,3,0,0,30907,4,3,3,3,4,1,0
397,26,0,North East,1,1,3,0,0,55238,2,3,3,2,2,1,0
398,30,0,South West,1,1,3,0,0,23524,5,1,1,3,3,0,0
399,20,0,North Central,0,0,1,0,1,10305,6,5,5,2,3,1,0
400,30,1,North Central,1,1,3,0,0,47297,2,4,4,3,2,0,1
401,24,1,South West,0,0,2,0,0,29944,4,3,4,2,2,1,0
402,23,1,South East,1,1,2,0,0,63042,2,2,1,2,1,0,0
403,32,1,North West,0,1,1,0,0,21519,5,2,3,3,2,1,0
404,35,0,North Central,1,1,3,0,0,25394,4,2,1,5,4,0,0
405,25,1,North Central,1,1,1,0,0,27401,4,4,3,4,4,0,0
406,34,0,South West,1,1,3,0,0,25888,4,5,4,3,4,0,0
407,19,1,South East,0,0,2,0,0,30784,4,2,4,3,2,1,0
408,33,0,North Central,1,1,3,1,0,0,6,5,5,5,5,1,0
409,26,0,South West,1,1,3,0,1,65207,2,2,4,4,3,1,0
410,31,1,South South,0,1,2,0,0,17318,6,5,5,2,2,0,1
411,31,0,South South,0,1,2,0,0,36131,3,3,2,5,4,0,0
412,35,1,South West,1,1,3,0,0,38266,3,2,2,3,3,0,1
413,33,0,South South,1,1,3,0,0,42601,3,3,2,4,3,1,0
414,19,1,South South,0,0,3,0,0,30656,4,2,2,5,4,1,0
415,35,0,North West,1,1,3,0,0,49865,2,3,5,5,5,1,1
416,20,1,North West,1,1,3,0,0,31540,4,5,5,5,5,0,0
417,32,1,South South,0,0,2,0,0,25214,4,5,5,3,3,1,1
418,24,1,North East,0,0,3,0,1,33378,3,5,5,4,5,0,0
419,33,0,North East,0,0,2,0,0,24364,5,2,2,5,5,0,0
420,22,0,South South,1,1,1,0,0,12336,6,4,3,2,3,0,0
421,33,0,North East,1,1,1,1,0,0,6,5,5,5,5,0,1
422,28,1,South West,0,0,2,0,0,23076,5,2,2,4,3,0,0
423,29,0,South East,1,1,2,0,0,34494,3,5,5,5,5,1,0
424,32,0,North West,0,1,2,0,0,19696,5,4,5,5,4,0,1
425,25,0,South West,1,1,3,0,0,36085,3,5,5,3,4,1,0
426,28,0,South South,0,1,3,0,0,81095,2,3,2,4,4,0,0
427,22,1,South South,1,1,2,0,0,18391,5,4,5,5,5,0,1
428,33,0,North East,1,1,1,1,1,0,6,2,1,4,5,0,1
429,22,0,South West,0,0,3,0,0,33721,3,1,1,3,3,0,1
430,34,1,North Central,0,0,2,0,0,48292,2,4,4,5,5,1,0
431,26,1,South East,0,1,2,0,1,39652,3,5,5,5,4,0,0
432,21,0,North East,0,0,2,0,0,24925,5,5,4,3,2,0,0
433,32,1,South West,1,1,2,0,0,30927,4,1,1,5,5,0,0
434,31,0,North Central,1,1,3,0,0,34342,3,4,5,4,4,1,0
435,19,0,South West,1,1,3,0,0,30202,4,4,4,5,5,0,0
436,32,0,South West,0,1,3,0,0,48774,2,3,3,3,4,0,1
437,33,1,South West,0,0,2,0,0,24253,5,3,4,4,5,1,1
438,35,0,South West,0,0,3,0,1,25490,4,4,5,5,4,1,0
439,28,0,North Central,0,0,2,0,0,19103,5,3,5,2,1,1,0
440,19,1,South East,1,1,3,0,0,29178,4,1,2,4,4,0,1
441,24,0,North West,1,1,2,0,0,37229,3,3,4,4,5,1,1
442,30,0,South South,0,0,3,0,0,40439,3,5,5,4,3,1,0
443,19,0,South East,0,1,2,0,0,32181,4,4,4,2,3,0,0
444,22,1,South West,1,1,3,0,0,26744,4,1,2,5,4,0,1
445,19,0,North Central,0,0,3,0,0,21774,5,4,5,3,2,1,1
446,21,1,South West,0,0,3,0,0,29622,4,5,4,2,1,0,1
447,35,1,North West,0,0,2,0,0,40338,3,4,5,2,3,1,0
448,26,0,North East,0,1,3,0,0,80684,2,4,5,2,3,1,0
449,19,0,North Central,0,0,2,0,0,13503,6,5,4,4,5,1,0
450,20,0,North Central,0,0,2,0,1,19351,5,4,5,4,4,0,0
451,29,0,South West,0,0,3,0,1,38068,3,1,2,3,2,0,0
452,19,1,North Central,0,0,3,0,0,45600,2,3,5,4,5,1,1
453,30,1,North East,1,1,2,0,0,54747,2,2,4,2,2,0,0
454,23,0,South East,1,1,2,0,0,20635,5,2,2,2,2,1,0
455,30,1,North Central,1,1,2,0,0,28597,4,1,1,4,5,0,0
456,28,1,North East,0,1,3,0,0,47939,2,1,3,5,5,1,1
457,35,1,South West,1,1,2,0,0,52072,2,4,4,5,5,0,0
458,35,0,South West,0,1,2,0,1,28353,4,3,3,2,1,1,0
459,34,1,South West,0,0,3,0,0,43378,2,3,5,4,4,1,1
460,19,0,South East,0,0,1,0,0,38290,3,2,4,4,4,1,1
461,24,0,North Central,1,1,1,0,0,31664,4,4,5,5,5,0,0
462,34,1,North Central,1,1,2,0,1,27796,4,2,2,4,5,1,0
463,35,1,South South,1,1,2,0,0,37745,3,2,3,5,5,0,0
464,22,0,South South,1,1,3,0,0,36880,3,1,2,2,2,0,0
465,31,1,North East,1,1,2,0,1,31187,4,5,5,4,4,0,0
466,35,1,South East,1,1,1,0,0,22179,5,5,5,2,1,0,0
467,27,1,South South,1,1,1,0,0,22393,5,2,3,4,4,0,0
468,19,1,North Central,1,1,2,0,1,30043,4,5,5,4,4,0,0
469,25,0,South West,0,0,2,0,0,52373,2,1,1,5,5,0,1
470,21,1,South West,1,1,2,0,0,21824,5,1,1,3,3,0,1
471,33,1,South West,1,1,2,0,0,35436,3,2,4,2,2,0,0
472,33,1,South West,1,1,2,0,0,43013,3,3,3,3,4,0,1
473,29,1,North Central,1,1,1,0,0,16338,6,3,4,4,4,1,0
474,35,0,North East,0,0,1,0,0,10738,6,5,5,4,4,0,0
475,20,1,North West,1,1,1,0,0,27120,4,1,2,5,5,0,1
476,19,0,North West,0,1,1,0,0,36752,3,2,3,2,1,1,0
477,23,0,South South,1,1,1,0,1,42891,3,4,5,4,5,0,1
478,28,0,North West,0,1,1,0,0,20840,5,3,4,3,3,1,0
479,26,1,North East,0,0,3,0,1,26882,4,1,2,5,5,0,0
480,29,1,North Central,1,1,2,0,0,53666,2,5,5,3,4,0,0
481,35,0,South South,1,1,1,0,0,16811,6,4,5,2,1,0,0
482,27,1,North West,0,1,3,0,0,15633,6,1,1,4,4,0,0
483,25,1,North West,1,1,3,0,0,49304,2,1,1,2,2,0,0
484,25,1,South West,0,0,3,0,0,32325,4,4,4,5,5,0,1
485,22,1,North East,0,0,1,0,1,24632,5,5,5,3,3,1,0
486,25,1,South South,0,0,1,0,0,22409,5,1,3,4,5,0,1
487,23,1,South West,0,1,3,0,0,24919,5,5,5,4,4,0,1
488,35,1,South South,1,1,1,0,0,53655,2,1,1,2,1,0,0
489,34,0,South East,1,1,2,0,0,48285,2,4,5,3,4,1,1
490,22,0,North Central,0,0,3,0,0,33112,3,4,3,4,5,1,1
491,30,0,South West,1,1,2,0,0,35286,3,2,2,3,3,0,1
492,19,0,South West,1,1,2,0,0,35593,3,5,5,2,3,0,1
493,30,0,North East,0,1,3,0,0,20978,5,1,1,3,3,1,0
494,32,0,North East,0,0,2,0,0,35967,3,5,5,2,3,0,0
495,22,1,South East,0,0,1,0,0,62385,2,1,1,2,3,0,1
496,33,1,North West,0,1,1,0,0,20502,5,2,3,4,5,0,0
497,33,0,North Central,0,0,3,0,0,59877,2,1,2,5,5,1,0
498,31,1,South East,1,1,3,0,0,57225,2,2,2,2,3,0,0
499,31,1,North West,0,1,3,0,0,55306,2,5,5,5,5,1,0
500,24,0,South West,1,1,1,0,1,21295,5,4,5,2,2,0,0
501,21,1,North Central,0,0,2,1,0,0,6,4,5,4,4,0,1
502,35,0,North East,0,0,2,1,0,0,6,1,1,5,4,1,1
503,25,1,South West,1,1,2,0,0,38094,3,2,3,2,2,0,0
504,21,0,South South,1,1,2,1,1,0,6,3,3,5,4,1,0
505,27,0,South East,0,0,2,0,0,27193,4,2,1,2,3,1,0
506,33,0,South East,1,1,3,0,1,35130,3,5,5,4,3,0,0
507,18,0,South South,0,0,2,0,1,18218,5,2,3,5,4,0,0
508,25,0,South West,1,1,2,0,0,20874,5,4,4,4,4,1,0
509,28,1,North Central,0,0,1,0,0,17204,6,5,5,5,5,1,1
510,24,0,South East,1,1,1,0,1,25227,4,5,4,4,3,0,0
511,31,0,South West,1,1,2,0,0,18688,5,3,2,4,3,0,0
512,33,0,South East,0,0,2,0,0,31284,4,3,4,2,2,1,1
513,26,1,South East,0,0,1,1,0,0,6,1,3,4,4,1,1
514,25,1,South East,0,1,2,0,0,35279,3,1,2,5,5,1,0
515,31,0,South West,0,0,2,0,0,31712,4,2,3,2,1,1,1
516,21,1,South South,1,1,2,1,0,0,6,5,5,3,4,1,0
517,27,1,North West,1,1,3,0,1,40562,3,3,4,3,3,0,1
518,25,1,North East,0,1,2,0,1,26924,4,5,5,4,5,0,1
519,29,0,South South,0,0,2,0,0,12127,6,2,2,5,4,0,0
520,23,1,South West,0,0,2,0,0,13155,6,5,5,2,2,1,0
521,33,1,South West,0,1,3,0,1,73341,2,1,1,5,5,0,1
522,29,0,North Central,1,1,2,0,1,37331,3,5,5,2,3,0,0
523,20,1,North West,0,1,3,0,1,40399,3,5,5,2,1,1,0
524,29,1,North West,1,1,2,0,0,28797,4,3,3,2,1,0,0
525,20,1,North West,0,0,1,1,1,0,6,2,2,2,1,0,0
526,30,1,North Central,0,0,3,0,0,27903,4,3,2,4,3,0,0
527,24,1,South South,1,1,3,0,0,56760,2,5,5,2,2,0,1
528,26,0,North West,0,1,2,0,0,43883,2,5,5,2,1,0,0
529,33,1,South East,1,1,2,0,0,15090,6,2,3,5,5,1,1
530,31,0,South West,0,1,3,0,0,57357,2,3,5,5,4,1,1
531,22,0,North Central,1,1,3,0,1,39059,3,4,5,5,5,0,0
532,24,1,North Central,0,0,3,0,0,23097,5,1,1,4,3,1,0
533,31,0,South West,0,0,2,0,0,32535,4,4,5,3,3,0,1
534,31,1,North West,1,1,3,0,0,25013,5,2,1,3,3,0,0
535,19,1,South West,1,1,1,0,0,20425,5,1,1,4,3,1,0
536,19,1,North West,0,0,2,0,0,36107,3,5,4,3,3,0,0
537,33,0,North West,1,1,3,0,0,54704,2,3,4,5,4,0,1
538,34,1,South West,1,1,1,0,0,14708,6,3,4,4,4,1,0
539,31,0,South East,0,1,1,0,0,30545,4,3,3,5,5,0,0
540,19,1,South South,1,1,2,0,0,98020,2,5,4,5,5,0,0
541,35,0,South West,0,1,1,0,0,43752,2,1,1,4,3,0,0
542,30,0,North Central,0,0,3,0,0,24619,5,4,3,5,5,0,0
543,25,1,North West,1,1,3,0,0,51163,2,3,4,5,5,0,0
544,34,0,North West,1,1,3,0,0,42645,3,2,3,2,1,0,0
545,33,0,North East,1,1,3,0,0,45861,2,3,2,5,4,0,1
546,30,0,North Central,1,1,2,0,0,34476,3,1,1,3,4,1,0
547,23,0,North East,1,1,3,0,1,31667,4,1,1,4,3,0,0
548,20,1,North East,1,1,2,0,1,24344,5,1,1,4,3,0,0
549,20,0,North West,1,1,2,0,0,69690,2,3,4,2,2,0,0
550,30,0,South West,0,0,2,1,0,0,6,3,4,3,2,0,0
551,32,0,North West,0,0,2,0,1,27517,4,2,2,2,2,0,1
552,25,0,South East,0,0,3,0,0,21120,5,3,4,2,2,1,0
553,24,0,North West,1,1,3,0,0,73653,2,5,5,5,4,1,0
554,19,0,North Central,1,1,2,0,0,46694,2,3,4,5,5,1,1
555,29,1,North West,0,1,3,0,1,52570,2,1,1,4,4,1,0
556,27,1,North East,1,1,2,0,0,29118,4,3,3,5,5,1,0
557,19,0,North West,0,0,1,0,0,12127,6,5,5,3,3,0,0
558,25,1,North Central,0,0,2,0,1,26216,4,1,1,3,2,1,0
559,24,0,South West,1,1,2,0,0,45420,2,3,3,3,2,0,1
560,18,0,North East,0,0,3,0,0,18840,5,5,5,2,2,0,1
561,21,1,North West,1,1,1,0,0,28895,4,4,5,3,3,0,0
562,29,1,South West,0,0,3,0,0,33282,3,4,5,3,4,1,1
563,20,1,South East,0,1,2,0,0,31644,4,2,3,3,4,0,0
564,22,1,North East,1,1,3,0,0,42028,3,1,3,2,2,1,0
565,27,1,South East,0,1,2,0,0,48015,2,2,3,3,4,1,0
566,27,1,South East,0,0,1,0,1,16506,6,3,4,2,2,0,1
567,32,0,South South,1,1,3,0,0,44954,2,3,2,5,5,0,1
568,26,0,North East,0,0,2,0,0,47550,2,5,5,4,4,1,1
569,24,0,South West,0,1,3,0,0,34153,3,3,2,4,5,0,0
570,33,1,North Central,0,1,3,0,1,55880,2,5,5,2,2,1,0
571,29,1,South East,1,1,2,0,0,40498,3,3,5,4,3,0,1
572,35,1,North Central,1,1,3,0,0,42616,3,3,4,5,5,0,0
573,29,0,South West,1,1,3,0,0,48027,2,5,4,4,3,1,0
574,20,1,North Central,0,0,3,0,1,37208,3,1,1,3,3,0,0
575,31,1,North East,0,0,1,0,0,26200,4,2,3,5,4,1,0
576,24,1,North West,1,1,3,0,0,20210,5,2,4,2,1,0,1
577,34,1,North East,1,1,2,0,0,41802,3,4,4,2,3,1,0
578,29,1,South South,1,1,1,0,0,35380,3,1,2,4,5,1,1
579,21,0,North East,1,1,2,1,1,0,6,5,5,3,3,1,0
580,23,1,South South,1,1,2,0,0,31827,4,5,5,5,4,0,0
581,19,0,South East,1,1,3,0,0,28719,4,1,1,4,4,0,0
582,28,1,North East,0,0,2,0,0,16157,6,4,5,5,4,0,0
583,33,0,North East,1,1,2,0,0,23837,5,3,4,5,4,1,1
584,31,0,North West,1,1,3,0,0,36452,3,1,3,4,5,1,1
585,18,1,North Central,1,1,3,0,0,59219,2,5,5,5,4,0,1
586,35,1,South South,0,0,2,0,1,27807,4,1,1,2,1,1,1
587,24,0,South East,0,0,1,0,1,17019,6,2,3,5,5,0,0
588,35,1,North Central,1,1,2,0,0,24871,5,2,3,3,2,0,0
589,26,0,North West,0,1,2,0,0,50649,2,1,2,5,5,1,0
590,22,1,North Central,0,0,2,0,1,28958,4,4,5,5,5,0,1
591,28,1,South South,1,1,2,0,0,45172,2,3,3,2,2,1,1
592,18,1,North West,1,1,2,0,0,27052,4,4,3,3,3,0,0
593,25,0,South South,0,0,2,0,1,31929,4,5,5,3,2,0,1
594,20,1,South South,0,0,2,1,0,0,6,3,2,5,5,0,0
595,32,1,North East,1,1,2,0,0,38485,3,2,1,3,3,0,0
596,22,0,South West,0,0,2,0,1,23733,5,1,1,3,2,1,0
597,26,1,North East,0,1,2,0,1,43664,2,4,4,2,1,1,0
598,19,0,North East,0,0,2,0,0,24676,5,2,2,4,5,0,0
599,28,1,South East,1,1,3,1,0,0,6,3,3,3,2,1,0
600,32,1,South West,0,0,3,0,1,58472,2,2,1,5,5,0,0
601,33,0,South East,0,0,3,0,0,29691,4,3,4,5,5,1,0
602,33,1,South West,1,1,2,0,0,19628,5,1,1,2,2,0,0
603,27,1,North West,0,0,3,0,0,59745,2,4,3,3,2,0,0
604,25,1,North West,1,1,2,0,0,38434,3,2,2,4,4,0,0
605,19,1,North Central,1,1,2,0,0,49589,2,2,4,5,5,1,0
606,35,1,North Central,0,0,2,1,0,0,6,3,3,3,2,1,0
607,22,0,North West,0,0,3,0,0,59655,2,1,2,4,3,1,0
608,31,1,South West,1,1,1,0,0,31806,4,3,2,5,5,0,0
609,19,1,North West,0,0,3,1,0,0,6,4,4,4,4,1,0
610,33,0,South South,1,1,3,0,0,64147,2,3,3,4,5,0,1
611,27,1,South West,1,1,3,0,1,42809,3,4,5,5,5,1,1
612,35,0,North West,1,1,2,0,0,45763,2,3,2,5,5,0,0
613,35,1,South East,1,1,2,0,0,87160,2,3,4,5,5,0,1
614,24,1,South East,0,1,3,0,0,39715,3,1,2,3,3,1,1
615,25,0,South South,0,1,3,0,1,26114,4,3,4,2,3,1,1
616,24,0,North West,0,0,3,0,1,14751,6,5,5,2,1,0,1
617,22,1,South South,0,0,2,0,0,29220,4,4,5,3,4,1,0
618,34,1,South South,1,1,3,0,0,74460,2,4,4,3,4,0,0
619,24,1,North West,0,0,3,0,0,59432,2,3,3,2,2,0,0
620,34,0,South South,1,1,1,0,0,20651,5,4,4,3,3,0,1
621,29,0,North East,0,1,2,0,0,22612,5,4,3,4,3,0,1
622,29,0,North East,0,0,2,0,0,29312,4,4,3,3,3,0,0
623,30,0,South South,0,0,1,0,1,14049,6,3,4,2,3,0,0
624,35,1,North West,1,1,3,0,0,31358,4,5,5,3,3,0,1
625,30,1,South West,0,0,3,0,0,19354,5,4,3,5,5,1,1
626,31,1,North Central,0,0,3,0,0,39277,3,5,5,5,5,1,1
627,19,0,South South,0,0,2,0,1,26855,4,4,5,4,5,1,1
628,35,1,South South,0,0,2,0,0,17702,6,3,3,2,1,0,1
629,24,0,South South,1,1,2,0,0,32521,4,5,4,4,3,0,0
630,24,0,North Central,0,0,3,0,0,32503,4,3,3,5,5,0,0
631,18,0,North West,1,1,1,0,0,42539,3,1,2,4,4,0,0
632,20,1,South South,0,0,1,0,0,21530,5,3,3,2,3,0,0
633,31,0,North Central,0,0,2,0,0,22815,5,3,3,3,4,0,0
634,22,1,South West,0,0,2,0,0,18693,5,2,4,2,1,1,1
635,25,1,North Central,0,0,1,0,0,30605,4,5,5,2,3,1,0
636,30,1,North Central,1,1,3,0,0,45006,2,1,1,5,5,0,0
637,28,1,North Central,0,0,2,0,0,23899,5,2,3,4,3,1,1
638,27,1,South West,0,1,2,0,1,17062,6,4,4,2,3,0,0
639,20,1,North Central,1,1,3,0,0,61826,2,3,4,4,5,0,1
640,28,0,South South,0,0,2,0,0,43103,2,1,1,2,2,0,0
641,33,1,South East,0,0,3,0,0,37790,3,2,1,3,2,0,0
642,18,0,South South,1,1,2,0,0,42097,3,4,4,3,4,0,0
643,34,1,North Central,1,1,2,0,0,19012,5,2,3,2,1,1,0
644,19,0,South East,1,1,2,0,0,22386,5,5,5,5,4,0,0
645,19,0,North West,1,1,3,1,0,0,6,3,4,4,3,1,0
646,31,0,North East,1,1,3,0,0,39200,3,5,5,2,2,0,0
647,22,0,South East,0,0,2,0,0,28711,4,5,5,4,5,0,0
648,34,1,North East,1,1,2,0,0,116945,2,1,2,2,1,1,1
649,32,0,South West,0,1,2,0,1,48854,2,4,5,4,3,1,0
650,25,1,North West,1,1,2,0,0,36674,3,2,4,5,4,1,0
651,35,0,North Central,0,0,2,1,0,0,6,4,4,4,3,1,0
652,19,0,South West,1,1,3,0,1,34123,3,4,5,4,4,1,1
653,29,1,North West,1,1,3,0,0,26963,4,5,5,2,2,0,0
654,31,1,North Central,0,0,3,0,0,19036,5,4,4,3,2,0,0
655,33,0,North West,1,1,1,0,0,21123,5,4,5,5,5,1,1
656,32,1,South West,0,0,3,0,0,31587,4,5,5,2,3,0,1
657,18,1,South West,0,0,1,0,0,23617,5,4,4,2,3,1,0
658,22,0,North West,0,0,1,0,0,15815,6,3,4,3,3,1,0
659,28,1,North East,0,0,3,1,0,0,6,2,2,5,5,1,0
660,26,0,South West,1,1,1,0,0,26311,4,1,1,5,5,0,0
661,33,1,South East,0,1,1,0,0,20903,5,4,4,4,3,0,1
662,34,0,South South,0,0,2,1,0,0,6,5,5,2,1,1,1
663,33,0,South West,0,0,3,0,0,36845,3,1,1,3,2,1,1
664,22,0,South East,0,0,2,0,0,42045,3,2,4,2,1,1,0
665,19,1,North West,0,1,3,0,0,32402,4,3,5,5,5,1,0
666,20,1,North West,0,1,3,0,0,32854,3,3,3,5,5,0,0
667,23,1,South West,0,0,2,0,1,21088,5,4,5,5,5,0,1
668,23,0,North Central,0,1,3,1,0,0,6,2,1,3,2,1,0
669,19,0,South East,0,1,3,0,0,51445,2,4,5,4,3,1,0
670,24,0,North East,1,1,1,0,0,47133,2,3,5,3,3,1,0
671,20,0,South West,1,1,1,0,1,30475,4,4,5,3,2,1,0
672,27,1,South South,1,1,3,0,0,34063,3,3,3,4,4,0,0
673,30,0,South South,0,1,2,0,1,13154,6,5,5,2,1,1,0
674,22,1,North West,1,1,2,0,0,43580,2,2,1,5,5,0,0
675,24,1,South West,0,1,2,0,1,38401,3,4,3,2,3,0,0
676,34,1,North Central,0,0,1,0,0,24927,5,1,1,2,3,0,0
677,31,0,North Central,1,1,3,0,1,49849,2,5,5,5,5,0,0
678,24,0,South West,0,0,1,0,1,20609,5,5,5,2,1,1,0
679,25,0,South South,1,1,3,0,1,26295,4,1,2,4,5,1,0
680,29,1,North West,1,1,3,1,0,0,6,4,5,2,3,1,1
681,19,1,South East,0,1,2,0,1,46953,2,4,4,4,5,1,0
682,21,0,North West,0,0,2,0,0,17488,6,4,4,2,2,0,0
683,30,0,North Central,1,1,2,0,0,17978,5,5,5,3,4,0,0
684,22,0,South East,1,1,1,1,0,0,6,1,2,4,5,0,0
685,27,0,North Central,0,0,2,0,0,37240,3,5,5,5,4,0,1
686,25,1,South South,1,1,2,0,0,25435,4,2,1,3,3,0,1
687,23,1,North West,1,1,2,0,0,21324,5,2,4,4,5,0,1
688,26,0,South West,0,0,3,0,0,36353,3,1,2,2,3,1,0
689,34,1,South East,0,1,1,0,0,22077,5,2,2,3,2,1,1
690,28,1,South West,1,1,2,0,0,34592,3,1,1,2,1,0,1
691,20,1,North Central,0,0,2,0,0,26413,4,1,1,2,3,0,0
692,32,1,South East,0,1,3,0,1,26967,4,5,5,3,3,0,0
693,35,0,North East,0,1,1,0,0,37382,3,1,3,4,3,1,0
694,25,1,South West,1,1,2,1,0,0,6,1,1,5,5,0,0
695,32,0,North West,1,1,1,1,0,0,6,3,2,4,4,1,0
696,34,0,South East,1,1,3,0,0,74133,2,5,5,5,5,0,0
697,18,0,North Central,1,1,3,0,0,34289,3,3,4,4,4,0,1
698,22,0,South West,0,1,2,0,0,28416,4,1,2,5,5,0,0
699,24,0,South West,1,1,2,0,0,24902,5,2,1,4,3,0,0
700,31,0,North East,0,1,3,0,0,60056,2,5,5,5,5,0,0
701,23,0,North West,1,1,2,0,0,47635,2,3,2,3,2,0,0
702,32,0,North Central,1,1,2,0,1,56288,2,1,1,4,5,0,1
703,20,1,North West,0,1,2,0,0,32037,4,5,5,5,5,0,1
704,23,1,South East,0,0,2,0,1,22006,5,4,5,2,2,1,1
705,25,1,South East,1,1,2,1,1,0,6,4,5,5,5,1,0
706,18,0,North West,1,1,1,0,0,46811,2,2,2,3,4,0,0
707,30,0,South West,0,1,2,0,1,37512,3,2,2,3,3,1,0
708,30,1,North East,1,1,2,0,0,40404,3,5,4,4,3,0,0
709,28,1,South South,0,0,1,0,1,16160,6,4,4,4,5,0,0
710,34,1,North Central,0,0,2,0,0,24369,5,3,4,4,5,0,1
711,34,0,North West,0,0,3,0,0,39553,3,1,1,2,2,0,0
712,25,0,South West,0,0,2,0,0,21702,5,4,5,5,5,1,0
713,35,1,South East,0,0,3,0,0,34671,3,5,5,2,1,1,0
714,34,0,South South,1,1,2,0,0,21538,5,1,1,3,4,0,0
715,30,1,South East,1,1,3,0,0,43635,2,4,4,5,5,0,1
716,30,1,South South,1,1,2,0,0,74598,2,4,3,3,2,0,0
717,27,0,South West,1,1,3,0,0,38242,3,2,2,5,5,0,0
718,28,1,North East,0,1,2,0,0,55155,2,2,4,3,2,1,1
719,33,0,South South,1,1,1,0,0,28854,4,1,1,2,2,0,0
720,35,0,South West,0,0,2,0,0,33656,3,3,4,3,4,1,0
721,27,0,North West,1,1,1,0,1,54138,2,4,4,4,4,1,0
722,31,1,North West,0,0,3,1,0,0,6,1,3,5,5,0,1
723,22,1,North West,0,0,3,0,0,54075,2,2,4,4,3,1,0
724,27,0,South West,1,1,1,0,1,31039,4,3,2,3,4,1,0
725,21,1,North East,0,0,2,0,1,17534,6,5,5,4,4,1,0
726,20,1,South East,0,0,2,0,0,44762,2,5,5,3,4,0,0
727,22,1,North West,0,1,2,0,0,37472,3,5,5,4,3,1,0
728,34,0,South South,1,1,2,0,1,36904,3,1,1,3,4,0,1
729,30,1,North Central,0,1,2,0,0,12920,6,1,1,2,2,1,1
730,19,0,North East,0,1,3,0,0,24445,5,3,3,2,1,0,0
731,35,1,North East,0,1,2,0,0,33394,3,1,2,4,3,1,1
732,24,0,North Central,0,1,2,1,0,0,6,5,4,3,3,0,0
733,32,0,South West,0,0,2,0,0,14544,6,3,3,3,4,0,0
734,34,0,South East,1,1,3,0,0,35527,3,1,1,3,3,0,0
735,25,1,North East,0,1,1,0,0,40392,3,4,4,3,2,1,0
736,30,0,North East,1,1,3,0,0,41098,3,5,5,3,4,0,0
737,35,1,North East,1,1,3,0,0,48689,2,4,4,4,5,0,0
738,27,1,South West,0,0,3,0,0,36580,3,3,5,3,3,1,1
739,18,1,North East,0,0,3,0,0,21428,5,5,5,3,3,1,0
740,29,0,South South,0,0,3,0,0,67520,2,2,1,2,2,1,0
741,25,1,South East,0,1,3,0,0,30420,4,5,5,4,3,0,0
742,32,0,North West,0,0,1,0,0,22710,5,3,5,3,3,0,1
743,32,1,South East,0,0,2,0,0,26410,4,4,4,2,3,0,1
744,26,1,North Central,0,0,3,0,0,32777,3,2,1,2,1,0,0
745,32,0,North Central,0,0,2,0,0,32666,4,5,5,5,4,0,1
746,18,0,South West,0,0,3,0,0,42620,3,5,5,4,4,1,1
747,20,1,North East,1,1,2,0,0,43073,3,2,2,5,5,0,0
748,32,0,South East,0,0,1,0,0,30265,4,3,3,2,2,0,0
749,33,1,North Central,0,0,2,0,0,25497,4,1,1,4,5,1,0
750,34,0,North West,0,0,3,0,1,15403,6,2,3,3,4,0,1
751,28,1,South South,1,1,2,0,0,27156,4,2,1,3,4,0,0
752,30,0,North Central,0,1,1,0,1,19087,5,4,5,2,1,0,1
753,20,1,South East,1,1,3,0,0,38080,3,5,4,4,3,0,0
754,28,0,North East,1,1,2,0,0,30631,4,2,3,2,3,0,0
755,29,0,North East,0,1,2,0,0,23867,5,3,4,5,4,0,0
756,27,1,North East,0,1,2,0,0,25735,4,5,4,3,4,0,1
757,18,0,North East,0,0,2,0,0,25533,4,2,2,5,5,0,0
758,30,1,North East,0,0,3,0,0,25392,4,4,5,5,4,0,0
759,32,0,North West,0,1,1,0,1,50984,2,5,4,3,3,1,0
760,22,0,North East,0,0,2,0,0,13045,6,5,5,4,3,0,0
761,18,0,South West,0,0,3,0,0,31180,4,4,5,4,4,0,1
762,29,1,North Central,0,0,1,0,1,25956,4,3,5,5,5,0,1
763,27,0,North East,1,1,3,0,0,69854,2,5,5,4,5,0,0
764,20,1,North East,1,1,3,0,0,59619,2,4,5,5,5,1,0
765,19,0,South South,0,1,3,0,0,33813,3,3,5,2,1,1,1
766,25,0,South West,0,0,2,0,1,20764,5,2,1,5,5,0,0
767,30,1,South East,0,1,2,0,0,21757,5,2,3,3,3,0,0
768,30,1,North West,0,0,3,0,0,52249,2,3,4,2,2,1,0
769,30,1,North West,0,0,2,0,0,39719,3,4,4,3,2,1,0
770,19,0,North Central,1,1,3,0,0,47211,2,5,4,4,3,0,0
771,31,0,North East,1,1,2,1,0,0,6,2,3,5,5,1,1
772,25,0,North West,1,1,3,0,0,20629,5,2,2,5,5,0,0
773,35,1,South South,0,0,3,0,0,23143,5,3,3,2,1,1,1
774,20,0,South West,0,0,2,0,1,13234,6,5,5,3,2,0,0
775,29,0,South South,0,0,3,0,0,45939,2,3,4,4,3,0,1
776,24,1,North East,0,0,2,0,0,31703,4,2,1,2,3,0,0
777,26,0,North Central,0,1,3,1,0,0,6,5,5,4,5,1,0
778,21,0,North East,0,0,1,0,0,18385,5,5,5,4,3,1,0
779,22,1,South West,0,1,3,0,0,44054,2,5,5,5,5,0,0
780,25,1,South West,0,1,2,0,0,26050,4,2,4,5,4,0,0
781,31,1,South West,1,1,2,0,0,27387,4,2,1,5,5,0,0
782,27,1,North West,0,0,1,0,0,24589,5,4,5,4,3,1,1
783,31,0,South West,0,1,2,0,0,32375,4,5,5,3,2,1,0
784,19,0,South West,0,0,1,0,0,33180,3,2,2,5,5,0,0
785,27,1,North Central,0,0,3,0,0,54328,2,3,5,4,3,1,0
786,18,1,South West,1,1,2,0,0,18163,5,5,5,2,2,0,0
787,33,0,North Central,1,1,2,1,1,0,6,2,3,2,2,1,0
788,26,1,North East,1,1,1,1,0,0,6,2,3,4,3,1,1
789,32,0,South West,1,1,2,0,0,51981,2,5,5,3,2,0,0
790,19,1,South South,0,0,2,0,0,23305,5,1,3,5,5,1,1
791,21,0,North Central,1,1,3,0,0,44281,2,1,2,4,5,0,1
792,24,1,North East,0,0,3,0,0,16171,6,5,5,4,4,0,0
793,32,1,North Central,0,0,2,0,1,45412,2,4,4,2,1,1,0
794,35,1,North West,0,0,2,0,1,13651,6,3,3,5,5,1,0
795,21,1,North East,1,1,2,0,0,51608,2,4,5,5,5,0,0
796,22,1,South East,0,0,3,0,0,35542,3,3,4,3,2,0,1
797,34,0,South West,1,1,1,0,0,19903,5,1,1,3,2,0,0
798,18,1,North East,0,1,2,0,0,34908,3,2,1,3,4,1,0
799,21,0,South West,1,1,1,0,0,9217,6,4,5,3,2,0,1
800,34,1,North Central,0,0,2,0,1,27687,4,1,1,4,5,0,0
801,26,0,South East,1,1,2,0,0,64026,2,3,5,4,4,1,0
802,22,0,South South,0,1,2,0,0,30880,4,2,1,2,2,0,0
803,26,0,South South,0,0,3,0,0,68008,2,2,2,3,3,1,0
804,25,0,North East,0,0,1,0,0,19431,5,5,5,2,3,0,1
805,28,0,North Central,1,1,2,0,1,13336,6,3,3,4,3,1,0
806,33,1,South East,0,0,2,0,0,22509,5,3,5,3,2,1,0
807,22,0,North East,1,1,3,0,0,43572,2,4,4,3,2,1,1
808,33,1,South South,1,1,1,0,0,26702,4,2,3,2,2,0,0
809,34,0,South West,0,0,3,0,0,45221,2,3,4,2,1,1,0
810,25,1,North East,1,1,1,0,0,23987,5,5,4,4,5,0,0
811,25,1,South South,0,0,2,0,1,41864,3,2,2,3,4,0,0
812,19,1,South West,0,0,2,0,0,27993,4,4,5,2,2,1,1
813,35,0,South South,1,1,2,0,0,31108,4,2,3,3,3,0,0
814,20,1,North Central,0,0,2,0,1,36251,3,5,5,5,5,0,0
815,21,0,South West,0,0,3,0,0,25722,4,5,5,5,4,0,1
816,22,0,North West,0,0,2,1,0,0,6,4,5,2,3,1,1
817,33,0,North Central,0,1,2,0,1,52622,2,3,3,5,4,1,0
818,28,0,North West,1,1,3,0,0,52469,2,5,5,5,5,0,0
819,20,1,South East,1,1,2,0,0,23035,5,2,4,2,3,1,1
820,22,1,South West,1,1,2,0,0,44575,2,3,3,4,3,0,0
821,32,0,South East,0,0,1,0,0,16250,6,4,4,2,2,0,0
822,18,1,North East,0,1,2,0,1,36903,3,1,1,4,4,0,0
823,31,1,North West,0,1,3,0,0,53587,2,5,4,4,5,1,0
824,26,1,South East,0,0,2,0,0,47700,2,3,3,3,3,0,0
825,22,0,North West,1,1,2,0,0,24213,5,4,3,2,1,1,0
826,33,1,South West,0,0,2,0,0,26140,4,3,2,2,2,0,0
827,33,0,South East,1,1,2,0,0,58735,2,3,2,5,4,0,0
828,23,1,South West,0,0,3,0,0,35177,3,1,1,4,4,0,0
829,27,1,North West,0,0,2,0,0,36315,3,4,4,3,3,0,1
830,20,0,North Central,0,1,3,0,0,15798,6,3,2,5,5,0,0
831,20,1,North Central,0,0,3,0,0,75865,2,2,3,2,2,0,1
832,20,1,North West,0,1,3,0,0,39495,3,2,4,4,5,1,1
833,29,1,South South,0,0,2,0,1,24494,5,3,5,4,4,1,1
834,29,1,North East,1,1,2,0,0,35936,3,3,3,4,5,0,0
835,23,1,South East,1,1,3,0,0,22372,5,5,5,3,3,0,0
836,24,0,South West,0,1,3,1,0,0,6,3,3,3,3,1,0
837,31,1,North Central,0,0,2,1,0,0,6,3,4,2,1,1,0
838,20,0,North East,0,0,2,0,0,35147,3,3,2,4,4,1,0
839,29,0,North West,0,0,3,0,0,38540,3,4,5,3,3,0,1
840,25,0,North East,1,1,2,0,0,19589,5,3,5,3,2,0,0
841,22,1,South West,0,0,3,0,0,28393,4,5,5,4,4,0,1
842,28,0,North West,1,1,2,0,0,25717,4,4,5,2,2,0,0
843,21,1,North West,1,1,2,0,0,60333,2,5,4,5,4,0,0
844,23,0,North Central,1,1,3,0,0,31181,4,1,3,2,2,0,0
845,25,1,North Central,1,1,3,0,0,34765,3,1,1,3,3,1,0
846,33,0,North East,1,1,3,0,1,31882,4,4,4,3,4,0,1
847,21,1,South East,0,1,2,0,0,23899,5,2,2,3,4,0,0
848,28,1,North West,0,0,2,0,0,25030,4,5,4,2,3,0,0
849,32,0,North East,1,1,3,0,0,53833,2,3,3,4,3,0,1
850,28,1,South East,1,1,3,0,0,40986,3,4,4,3,2,0,1
851,33,0,South West,1,1,3,0,0,23056,5,2,2,5,4,0,0
852,20,1,North West,1,1,2,0,0,29798,4,2,3,2,1,0,1
853,18,0,South South,1,1,2,0,0,23975,5,1,3,4,5,1,1
854,21,0,North Central,1,1,3,0,1,72929,2,5,4,5,5,0,0
855,32,0,South South,0,1,2,0,0,70391,2,1,3,4,5,0,0
856,29,0,North West,0,0,3,0,0,21889,5,3,2,3,4,0,0
857,22,1,South South,1,1,2,0,0,81708,2,5,5,2,2,0,0
858,23,0,South West,0,1,3,0,0,53049,2,1,1,4,4,0,1
859,19,0,South East,1,1,2,0,0,33934,3,4,3,3,4,0,1
860,26,0,South East,1,1,3,0,0,99878,2,3,5,2,2,1,1
861,26,1,North East,0,0,2,0,0,37226,3,5,5,3,2,1,1
862,20,0,South East,0,0,2,0,0,11779,6,4,4,5,5,0,0
863,32,1,North West,0,0,2,0,0,16145,6,5,5,2,3,0,0
864,27,0,North Central,0,0,3,0,0,38609,3,3,3,4,3,0,0
865,20,1,North Central,0,0,2,0,1,28203,4,2,2,2,2,0,0
866,32,1,North West,0,1,2,0,0,17928,5,3,3,2,1,0,0
867,18,1,North Central,0,0,3,0,0,17867,6,5,5,5,5,0,0
868,28,0,South West,1,1,3,0,0,58370,2,3,3,2,2,0,0
869,31,0,North East,0,0,1,1,0,0,6,2,4,4,3,0,1
870,23,1,South South,0,1,2,0,0,18204,5,5,5,4,5,0,0
871,28,1,South South,1,1,3,0,1,52955,2,5,5,4,3,0,0
872,27,1,North East,1,1,2,0,0,23383,5,1,1,3,3,0,0
873,30,1,North Central,1,1,3,0,0,26225,4,4,4,5,4,0,0
874,25,1,South West,0,0,3,0,0,31382,4,5,5,3,2,1,0
875,19,0,North Central,1,1,2,0,0,15540,6,2,4,4,3,0,1
876,20,0,South West,1,1,2,0,0,28983,4,2,4,5,4,0,0
877,34,1,North Central,0,1,3,0,1,35603,3,2,3,5,5,0,1
878,32,1,North West,0,1,1,0,1,16276,6,5,5,2,2,0,0
879,29,1,South West,1,1,1,0,0,26578,4,4,4,3,4,0,0
880,18,1,North East,1,1,2,0,0,27560,4,4,5,2,3,0,1
881,30,0,North West,0,1,1,0,0,32426,4,3,5,2,2,1,1
882,18,0,North West,1,1,2,0,0,49586,2,4,4,5,4,0,0
883,22,0,North West,1,1,3,0,0,20401,5,5,5,3,4,0,0
884,34,0,North West,0,0,3,0,0,85582,2,5,5,3,2,0,0
885,22,1,North East,1,1,3,0,0,56395,2,4,4,4,4,0,0
886,33,1,South West,0,0,2,0,0,37744,3,3,4,3,3,1,0
887,26,1,North Central,0,0,1,0,0,17088,6,5,5,4,5,0,0
888,34,0,South West,1,1,3,0,1,16104,6,4,3,4,3,0,0
889,34,1,North West,0,1,3,0,0,84019,2,5,5,4,4,1,0
890,20,0,North East,0,0,2,0,0,19681,5,1,1,5,5,1,1
891,18,0,South East,1,1,1,0,0,24196,5,5,4,4,5,1,0
892,23,0,South East,0,0,3,0,0,32598,4,1,2,3,3,0,0
893,31,1,North West,0,0,1,1,0,0,6,5,5,3,4,0,0
894,33,1,North Central,1,1,3,0,0,60110,2,2,3,5,5,1,0
895,28,1,North West,1,1,3,0,0,32292,4,5,5,2,3,1,0
896,35,0,South South,0,1,3,0,1,52435,2,4,4,5,5,1,0
897,35,0,North Central,1,1,1,0,0,18145,5,2,3,3,4,1,0
898,32,1,North West,0,0,3,0,0,18222,5,1,1,2,3,0,1
899,26,1,South South,0,0,3,0,0,38557,3,5,5,3,2,0,0
900,33,0,South West,1,1,1,0,0,27649,4,2,1,5,5,0,0
901,20,0,North Central,0,1,3,0,0,32820,3,1,1,5,5,1,0
902,30,0,North East,0,0,2,0,0,49919,2,4,4,5,5,0,0
903,34,0,South East,1,1,2,0,0,27016,4,1,2,3,2,0,0
904,33,0,North West,1,1,1,0,0,28204,4,1,1,3,4,1,0
905,28,0,North Central,0,1,3,0,0,34515,3,1,1,3,4,1,0
906,30,1,South East,0,0,2,0,0,37165,3,2,1,3,2,1,0
907,27,1,North East,1,1,2,0,0,28909,4,3,5,4,4,1,0
908,29,0,South East,1,1,2,0,0,115750,2,3,3,2,3,1,0
909,32,0,South East,0,0,1,0,0,16721,6,2,3,3,2,1,0
910,32,1,North Central,1,1,2,0,0,34004,3,5,5,3,2,0,0
911,31,0,South East,1,1,2,0,0,22740,5,3,3,4,3,1,0
912,22,1,North West,0,0,3,0,0,21721,5,2,3,4,3,1,1
913,31,1,South South,1,1,2,0,0,21846,5,3,3,3,2,0,0
914,22,1,South West,0,1,3,0,0,31095,4,1,2,5,4,0,0
915,26,0,South South,0,0,1,0,0,7986,6,4,4,3,3,1,0
916,33,0,South West,1,1,1,0,0,48539,2,1,2,3,2,0,0
917,29,0,North Central,1,1,3,0,0,23481,5,3,2,5,5,0,1
918,33,0,North West,0,0,3,0,0,34432,3,1,3,3,3,1,0
919,27,0,North East,0,1,2,1,1,0,6,5,5,2,2,0,0
920,30,0,North West,1,1,1,0,0,61153,2,1,1,5,5,0,1
921,19,1,North Central,1,1,2,0,0,18501,5,4,4,4,5,1,0
922,33,1,North West,0,0,3,0,0,60940,2,4,4,3,3,0,0
923,32,0,South South,1,1,3,1,0,0,6,2,3,4,3,0,0
924,23,1,South East,0,1,1,0,1,32165,4,4,4,2,1,0,1
925,28,1,North West,1,1,2,0,0,37682,3,4,4,4,3,0,0
926,26,1,South South,0,1,1,0,1,20762,5,4,3,2,2,0,0
927,19,0,South South,0,0,1,1,0,0,6,5,5,5,5,1,0
928,18,1,North East,1,1,3,0,0,45409,2,4,3,2,3,1,0
929,19,0,North East,1,1,2,0,0,45237,2,1,3,2,3,0,1
930,28,1,South West,0,0,3,0,1,39014,3,2,3,3,2,0,0
931,29,0,South South,0,1,2,0,0,56264,2,1,2,4,4,0,0
932,23,0,North East,0,0,3,0,1,30543,4,1,2,3,2,0,0
933,28,0,North West,1,1,1,0,1,23393,5,4,4,2,1,0,0
934,33,0,South South,0,1,2,1,0,0,6,3,2,2,3,1,1
935,28,1,South West,0,0,3,0,0,30036,4,2,3,5,5,0,0
936,33,1,North East,1,1,3,0,1,51116,2,2,4,3,4,1,1
937,30,1,South South,1,1,2,0,1,27081,4,1,2,2,2,0,1
938,34,1,North Central,1,1,2,0,0,79922,2,5,5,5,4,0,0
939,21,0,North Central,0,1,2,0,0,44788,2,2,2,2,3,1,0
940,23,0,South South,0,0,3,0,0,26692,4,3,2,3,3,0,1
941,23,0,South South,0,0,1,0,0,10958,6,5,4,3,4,0,0
942,34,1,South West,0,1,2,0,0,36635,3,1,1,4,5,1,0
943,35,1,North East,1,1,2,0,0,39832,3,4,3,4,4,1,0
944,29,1,North Central,0,0,2,1,0,0,6,2,1,2,1,1,0
945,28,0,North East,0,0,3,0,0,51723,2,3,5,4,5,1,1
946,18,1,South South,0,0,3,0,0,36356,3,1,1,5,5,1,0
947,25,0,North West,1,1,2,0,0,27467,4,1,2,4,4,0,0
948,20,0,North West,1,1,3,0,0,59346,2,5,5,2,3,0,0
949,24,1,South South,0,0,2,1,0,0,6,2,4,2,3,0,0
950,29,0,South West,1,1,3,0,0,37615,3,3,2,4,5,0,1
951,33,0,South South,0,0,2,0,0,20085,5,1,1,2,1,1,0
952,24,1,North Central,0,0,3,0,0,56298,2,1,2,4,3,1,0
953,24,0,South West,1,1,3,0,0,69996,2,2,1,3,4,0,0
954,28,1,North West,1,1,3,0,0,41906,3,2,2,4,4,0,0
955,33,0,North West,0,0,2,0,0,44963,2,5,5,5,5,0,1
956,26,0,North East,0,0,2,0,0,28586,4,1,1,2,3,1,0
957,22,1,South West,1,1,2,0,1,21042,5,2,3,4,3,1,1
958,25,0,North West,0,0,3,0,1,41791,3,1,1,5,5,1,1
959,18,0,North West,0,1,3,0,1,54010,2,2,1,4,3,1,1
960,26,1,South West,0,0,1,0,0,17863,6,4,5,3,4,1,0
961,25,1,South East,1,1,2,0,0,13663,6,3,5,3,4,1,1
962,27,1,South East,1,1,1,0,0,29262,4,4,4,4,4,1,0
963,26,0,South West,0,0,3,1,1,0,6,1,1,5,4,0,1
964,24,1,North West,0,0,2,0,0,23436,5,4,5,5,5,1,1
965,26,0,South West,0,0,2,0,0,32018,4,2,4,3,3,0,1
966,20,0,South East,0,0,2,0,0,15772,6,1,1,3,3,0,0
967,20,0,South West,0,1,3,0,0,32917,3,4,4,2,3,0,1
968,35,0,South East,0,0,2,0,1,10154,6,1,1,4,4,0,1
969,33,1,North West,0,0,2,0,0,27246,4,1,2,4,3,0,0
970,33,1,North West,1,1,1,0,1,15208,6,5,5,3,3,1,0
971,32,0,South West,0,0,2,0,1,15131,6,2,4,3,2,0,1
972,31,1,North West,1,1,2,0,0,15881,6,5,4,3,4,0,0
973,35,1,North East,0,0,3,0,1,16784,6,1,1,3,2,0,0
974,34,1,South West,1,1,3,0,0,27724,4,2,2,4,3,1,0
975,27,0,South West,0,0,2,0,1,17195,6,5,5,4,5,1,1
976,32,1,South South,1,1,3,0,0,17500,6,3,3,5,5,1,0
977,33,0,South West,0,0,3,0,0,39455,3,4,5,4,4,0,0
978,23,0,South South,0,0,2,0,1,62197,2,3,5,4,5,0,1
979,26,0,South South,0,1,1,0,0,19317,5,5,5,3,3,1,0
980,32,1,South South,0,0,2,0,1,27234,4,1,1,2,2,1,0
981,34,1,South South,0,1,2,0,1,49707,2,1,3,5,5,1,1
982,34,1,South East,1,1,1,0,0,16632,6,1,1,5,5,0,0
983,34,1,North Central,0,1,1,0,0,17204,6,2,3,3,2,0,0
984,31,0,North West,0,0,1,1,0,0,6,4,5,3,3,1,0
985,25,0,North Central,1,1,1,0,0,20641,5,3,5,4,4,1,1
986,21,0,South South,0,0,2,0,0,40716,3,1,1,2,3,0,0
987,23,0,North Central,1,1,1,0,0,22018,5,4,5,3,3,0,0
988,35,1,South West,1,1,3,1,0,0,6,1,3,5,5,1,0
989,32,0,South East,1,1,3,0,0,43393,2,2,4,4,5,1,0
990,24,0,South West,0,1,3,0,0,43000,3,2,4,3,4,1,0
991,19,1,South East,1,1,2,0,1,24466,5,4,3,2,1,0,0
992,23,1,South South,1,1,2,0,0,31819,4,4,4,4,3,1,0
993,34,1,North Central,1,1,3,0,0,53772,2,2,2,3,4,1,0
994,35,0,North Central,1,1,3,0,0,55988,2,2,3,3,3,0,0
995,20,0,North West,0,0,3,0,0,16211,6,5,5,2,3,1,0
996,26,1,North East,1,1,2,1,1,0,6,4,4,4,4,1,0
997,33,1,South West,0,0,2,0,1,22158,5,3,4,5,4,1,1
998,29,1,South West,0,1,2,0,0,31373,4,4,3,2,1,0,0
999,20,0,South West,0,0,3,0,0,31097,4,5,4,4,4,0,0
1000,28,1,North West,0,0,2,0,0,35766,3,2,3,5,5,0,0
1001,35,1,North East,1,1,1,1,1,0,6,3,4,2,1,1,0
1002,26,0,North East,1,1,2,0,0,31173,4,4,5,4,3,1,1
1003,34,1,North West,0,0,1,0,0,30980,4,2,3,4,4,1,0
1004,26,0,North West,1,1,3,0,0,37520,3,2,3,5,5,0,0
1005,20,1,North East,0,0,1,0,0,26811,4,2,1,2,1,0,0
1006,25,0,North East,1,1,1,0,1,30468,4,1,1,3,2,1,0
1007,29,0,North Central,0,0,3,0,0,42833,3,5,5,4,5,0,0
1008,27,0,South South,1,1,1,0,1,49056,2,5,5,4,4,1,0
1009,19,0,North West,1,1,1,0,0,23096,5,1,3,3,3,1,1
1010,26,0,North West,0,0,3,0,1,53889,2,5,5,4,4,1,0
1011,29,0,North West,1,1,2,0,0,32218,4,2,2,5,4,0,0
1012,34,0,South West,1,1,3,0,0,23775,5,3,4,4,5,0,0
1013,24,0,South East,0,0,1,1,1,0,6,4,5,2,3,1,0
1014,33,0,South South,0,1,3,0,0,21518,5,5,5,2,2,0,0
1015,18,0,North West,0,1,2,0,1,31730,4,2,4,3,2,1,1
1016,29,0,South East,0,0,2,0,1,21425,5,3,3,3,3,1,1
1017,34,0,North Central,1,1,2,0,1,98760,2,5,5,2,2,1,1
1018,23,1,North Central,0,1,1,0,1,26895,4,1,1,2,3,1,0
1019,35,0,South West,0,0,3,0,0,29960,4,5,5,5,5,0,1
1020,27,0,South East,0,1,2,0,0,38053,3,5,5,5,4,1,0
1021,34,1,North Central,0,0,2,0,1,35144,3,2,1,2,2,0,0
1022,26,0,South East,1,1,1,0,0,22552,5,2,4,2,3,0,0
1023,25,1,North East,0,1,2,0,0,31967,4,3,5,4,3,1,1
1024,34,1,North West,1,1,1,1,0,0,6,2,3,4,4,0,0
1025,19,0,North East,1,1,3,0,0,36082,3,5,4,2,1,0,0
1026,26,0,North West,1,1,2,0,0,15283,6,2,1,3,4,0,0
1027,22,1,South South,1,1,1,0,1,19790,5,4,4,2,3,0,1
1028,29,0,North Central,1,1,3,0,0,54674,2,5,5,4,3,1,0
1029,34,1,North West,0,0,1,0,0,23991,5,1,3,4,5,1,1
1030,30,0,North West,0,1,3,0,0,22491,5,5,5,5,4,1,0
1031,27,1,South South,0,1,2,0,0,11932,6,4,5,2,1,1,1
1032,31,0,North East,1,1,2,0,0,12940,6,2,3,5,5,1,0
1033,28,0,South South,1,1,2,0,0,59287,2,1,1,4,4,0,0
1034,34,0,North West,0,1,2,0,0,68434,2,4,5,3,4,1,0
1035,23,1,South South,1,1,3,0,0,22477,5,5,5,5,5,1,0
1036,33,1,South South,0,0,3,0,0,40429,3,3,3,3,4,0,0
1037,34,1,North East,0,0,2,0,0,7685,6,2,3,4,3,1,0
1038,19,1,South South,1,1,3,0,0,61131,2,2,4,2,3,0,1
1039,23,1,South West,0,0,3,0,0,43466,2,1,1,5,5,1,0
1040,28,0,North East,0,1,3,0,1,26774,4,5,5,4,5,0,0
1041,30,0,North West,0,1,2,0,0,20956,5,4,5,5,5,1,1
1042,31,1,North Central,0,0,2,1,0,0,6,4,5,3,3,1,1
1043,24,0,South West,0,0,3,0,0,32000,4,5,5,5,4,0,0
1044,24,1,South South,0,0,2,0,0,37024,3,5,5,4,4,1,0
1045,18,1,South West,1,1,2,1,1,0,6,2,2,3,2,0,1
1046,27,1,South West,1,1,3,0,0,88943,2,1,2,4,5,0,0
1047,24,1,North West,0,1,2,0,0,17233,6,4,5,2,1,0,0
1048,24,1,North Central,1,1,3,0,0,73693,2,5,5,2,3,0,0
1049,18,1,North West,1,1,2,0,1,38003,3,5,5,2,1,1,0
1050,29,1,North East,0,0,2,1,0,0,6,5,5,5,4,0,0
1051,28,1,North East,0,0,2,0,0,42534,3,5,4,5,5,0,0
1052,22,1,North West,0,1,3,0,0,39791,3,4,4,3,4,1,0
1053,26,0,North Central,0,1,1,0,0,38646,3,4,5,2,3,1,1
1054,20,1,South West,1,1,3,0,1,60226,2,3,2,2,2,0,1
1055,26,0,North East,0,0,2,1,0,0,6,1,3,2,1,1,1
1056,22,1,South East,0,0,2,0,0,27646,4,1,1,5,5,0,0
1057,28,0,South East,0,1,3,1,1,0,6,3,3,2,3,1,1
1058,18,1,South South,1,1,1,0,0,12935,6,3,3,3,3,1,0
1059,31,0,North West,0,0,2,0,0,27787,4,3,3,3,3,1,1
1060,21,1,South West,1,1,2,0,0,24885,5,3,5,4,3,0,1
1061,30,0,South East,0,0,2,0,0,57950,2,1,1,5,5,1,1
1062,34,0,South East,1,1,3,0,0,18879,5,4,5,2,1,1,1
1063,29,1,South West,0,0,3,0,0,22458,5,3,4,5,5,0,1
1064,34,1,North Central,0,1,3,0,0,35671,3,2,2,5,5,1,0
1065,18,1,South West,0,0,1,0,0,6485,6,3,3,5,5,0,1
1066,21,1,South West,1,1,2,0,0,46965,2,3,5,4,3,1,0
1067,31,1,South West,1,1,2,0,0,16920,6,2,3,2,1,0,0
1068,26,0,South East,0,1,2,0,0,17132,6,1,2,2,3,0,0
1069,35,1,North West,1,1,3,0,1,31285,4,1,1,3,3,0,0
1070,30,1,North West,0,0,2,0,1,20990,5,4,5,5,5,0,0
1071,20,0,North West,1,1,2,0,0,22893,5,4,5,3,3,1,0
1072,33,1,North West,1,1,3,0,0,68016,2,4,4,3,2,0,0
1073,29,0,North West,1,1,2,0,0,41280,3,2,4,2,3,0,0
1074,34,0,South East,1,1,2,0,0,25211,4,5,5,2,3,0,0
1075,29,1,North East,1,1,2,0,0,37278,3,1,2,4,3,0,1
1076,35,0,North West,1,1,2,0,0,38097,3,3,4,4,4,1,0
1077,32,0,North Central,1,1,1,0,0,24666,5,1,2,2,1,0,1
1078,31,1,North West,0,0,3,0,0,34466,3,2,2,3,3,1,0
1079,25,1,North West,1,1,3,0,0,63866,2,2,1,2,3,0,0
1080,31,1,South South,0,0,2,1,0,0,6,1,2,2,2,1,0
1081,34,0,North East,0,0,3,0,0,16715,6,3,4,2,3,0,0
1082,31,0,South East,0,1,2,0,0,54192,2,1,1,4,4,0,0
1083,24,1,North Central,1,1,2,0,0,17421,6,3,3,2,2,0,0
1084,21,0,North West,1,1,2,0,0,16562,6,3,4,2,1,1,0
1085,19,0,North West,1,1,2,0,0,34305,3,5,5,2,2,1,0
1086,27,0,South East,0,0,2,0,1,29600,4,4,4,3,2,0,1
1087,25,0,North East,0,0,2,0,0,29195,4,3,5,5,5,0,0
1088,22,1,South East,0,1,3,0,0,21981,5,3,3,3,3,1,0
1089,23,1,South South,1,1,1,0,0,30717,4,3,2,3,3,0,0
1090,24,0,North Central,0,0,2,0,0,21077,5,5,5,5,5,1,0
1091,34,1,South East,1,1,1,0,0,24195,5,3,2,3,2,0,1
1092,27,0,North East,1,1,2,0,0,41902,3,1,1,5,4,0,1
1093,22,0,North East,1,1,2,0,0,32638,4,3,5,5,5,1,1
1094,22,1,South West,1,1,1,0,0,37880,3,5,5,5,5,1,1
1095,28,1,South West,1,1,2,0,0,40434,3,4,4,2,3,0,0
1096,31,1,South West,0,1,2,0,0,59279,2,3,4,2,2,0,0
1097,21,1,South West,1,1,2,0,0,42547,3,4,4,5,5,0,1
1098,22,0,North West,1,1,2,0,0,37145,3,2,3,4,4,0,0
1099,21,0,South East,1,1,3,0,0,45054,2,1,1,5,4,1,0
1100,29,1,North West,1,1,1,0,0,49837,2,4,4,5,5,1,0
1101,35,0,South East,0,1,3,0,0,42768,3,5,5,3,3,1,0
1102,33,0,South South,1,1,3,0,0,26530,4,1,1,2,2,1,0
1103,28,1,South West,0,1,2,0,0,67535,2,1,1,4,4,0,1
1104,29,0,South East,0,1,3,0,0,56348,2,4,4,4,3,1,1
1105,31,0,North West,0,0,1,0,0,18927,5,3,3,2,1,0,0
1106,26,0,North East,1,1,2,0,0,32670,4,1,3,4,3,1,0
1107,31,1,South East,1,1,2,0,0,14080,6,2,4,5,5,1,0
1108,30,0,North Central,1,1,2,0,0,19918,5,1,1,3,4,0,1
1109,33,0,South South,1,1,2,0,0,59630,2,1,1,5,5,0,1
1110,19,1,South South,0,0,3,0,0,60146,2,1,1,3,3,0,0
1111,23,1,South East,1,1,2,0,1,22333,5,3,4,4,5,1,0
1112,21,0,North West,1,1,2,0,1,36343,3,1,3,5,5,0,0
1113,28,1,South East,1,1,3,0,0,19992,5,5,5,4,4,0,0
1114,32,1,North East,0,0,1,0,0,23773,5,2,2,2,3,0,0
1115,30,1,North West,0,0,3,0,0,18027,5,1,1,4,5,1,1
1116,25,1,North Central,1,1,3,0,0,53437,2,4,5,5,4,1,0
1117,35,1,South West,0,0,2,0,1,22438,5,5,5,2,3,0,0
1118,20,1,North West,0,0,2,0,0,23297,5,3,2,5,5,1,0
1119,21,0,South West,1,1,3,0,0,54520,2,4,5,3,4,0,0
1120,30,0,North Central,0,0,1,0,1,13277,6,2,4,5,4,0,0
1121,32,0,North West,0,0,1,1,0,0,6,2,4,3,3,1,0
1122,21,0,South West,0,0,3,0,0,53472,2,4,3,3,2,1,0
1123,26,1,South West,0,1,2,0,0,42101,3,3,3,4,4,1,0
1124,30,1,South West,0,1,3,0,0,35021,3,1,3,2,1,1,1
1125,28,1,South West,1,1,2,0,0,31536,4,4,5,3,2,0,1
1126,31,1,South East,0,0,3,0,0,26447,4,2,4,2,2,1,1
1127,27,1,North West,0,0,2,0,1,27939,4,4,5,3,3,0,0
1128,28,1,North West,1,1,2,0,0,14056,6,3,3,3,3,1,0
1129,31,0,North West,0,1,2,0,1,26561,4,2,3,5,4,0,0
1130,24,0,North West,1,1,2,0,0,25979,4,2,4,5,5,1,1
1131,24,1,North West,1,1,2,0,0,29641,4,3,2,3,4,0,0
1132,30,1,North Central,0,1,3,0,0,23609,5,2,4,5,5,0,1
1133,33,0,South West,1,1,3,1,0,0,6,1,2,2,3,1,0
1134,24,1,North West,1,1,3,0,0,42086,3,3,4,3,4,0,0
1135,28,0,South West,1,1,3,0,0,48201,2,1,3,4,4,1,1
1136,18,1,South East,1,1,2,0,0,29759,4,1,2,5,5,0,1
1137,19,1,South West,1,1,3,0,1,49463,2,1,2,5,5,0,0
1138,25,0,South East,0,0,2,0,0,13707,6,4,5,5,5,0,1
1139,18,0,South East,0,1,2,0,0,36292,3,4,5,2,1,0,0
1140,18,0,North West,0,0,3,0,0,42936,3,5,5,3,4,1,0
1141,34,0,South South,0,0,2,0,0,24472,5,4,3,5,4,0,0
1142,18,0,South East,1,1,3,0,0,44875,2,1,2,4,3,0,0
1143,29,1,North East,1,1,2,1,0,0,6,1,1,2,3,0,1
1144,20,0,North West,0,1,2,0,1,13235,6,5,5,3,2,0,1
1145,30,1,South West,0,0,2,0,0,38754,3,5,5,2,2,0,0
1146,27,1,South East,0,0,3,0,0,37564,3,2,4,3,4,1,1
1147,30,1,North West,1,1,1,0,0,18534,5,1,2,4,5,1,1
1148,23,0,North West,0,0,2,0,0,66842,2,4,5,2,2,0,1
1149,18,1,South South,1,1,3,0,0,34945,3,2,3,4,4,1,1
1150,24,1,South West,1,1,2,0,0,30860,4,4,4,2,3,0,1
1151,34,0,North Central,0,0,2,0,0,33820,3,4,5,5,5,0,0
1152,33,1,South South,1,1,1,0,0,22324,5,4,5,5,5,1,0
1153,28,0,North East,0,1,3,0,0,34374,3,2,2,4,4,1,0
1154,30,1,South East,1,1,1,1,0,0,6,2,4,2,3,1,1
1155,35,0,North East,1,1,3,0,0,68774,2,1,2,2,2,0,1
1156,23,1,North West,1,1,3,0,0,32757,3,3,4,4,5,0,1
1157,35,0,North East,1,1,2,0,0,19128,5,2,2,2,2,0,0
1158,24,1,North Central,1,1,3,0,1,33404,3,4,3,2,2,0,0
1159,26,1,South South,1,1,1,0,1,24612,5,4,3,2,1,0,0
1160,22,0,North West,0,1,1,0,0,37650,3,4,5,4,3,0,1
1161,34,0,South West,0,0,2,0,1,27980,4,2,1,2,2,0,0
1162,26,1,North East,1,1,2,0,1,30514,4,5,5,5,4,0,1
1163,24,1,South West,1,1,3,0,0,16311,6,1,1,2,3,0,1
1164,35,1,South West,0,1,2,0,0,18627,5,5,5,4,4,0,0
1165,23,0,South West,0,0,2,0,0,15454,6,5,5,5,5,0,0
1166,25,0,North East,0,0,1,0,0,12464,6,5,5,2,3,0,0
1167,31,1,South South,0,1,2,0,0,14218,6,3,4,3,2,1,0
1168,35,1,North West,0,0,2,0,1,43447,2,4,4,2,2,0,1
1169,35,1,North East,0,0,2,0,0,23141,5,4,5,5,4,0,0
1170,23,0,South West,1,1,2,0,0,35332,3,1,3,3,2,0,0
1171,30,1,South West,0,1,2,0,0,29280,4,1,2,2,3,0,1
1172,26,1,North West,1,1,2,0,0,38388,3,4,5,2,2,1,0
1173,33,1,North East,0,0,3,0,0,39260,3,2,2,4,4,1,0
1174,34,1,North West,1,1,2,0,0,56016,2,4,4,2,1,0,1
1175,30,0,South West,0,0,1,0,1,24875,5,3,2,2,2,0,0
1176,28,1,North Central,0,0,2,0,0,36558,3,1,1,4,3,1,1
1177,19,0,North East,0,1,2,0,0,41402,3,5,5,4,5,0,0
1178,20,1,South West,0,1,2,0,0,23192,5,2,2,4,4,0,0
1179,31,0,North East,1,1,2,0,0,28376,4,3,3,4,3,0,0
1180,34,0,North East,1,1,3,1,0,0,6,4,3,4,4,0,0
1181,19,1,North Central,0,0,2,0,1,31920,4,4,5,2,3,1,0
1182,27,0,North Central,0,0,2,0,0,29238,4,3,5,2,1,1,1
1183,26,0,North Central,1,1,1,0,1,24138,5,5,5,4,5,0,0
1184,22,1,North West,0,0,2,1,0,0,6,5,5,5,5,0,0
1185,34,1,South West,1,1,2,0,0,30839,4,5,5,4,5,0,0
1186,19,0,South East,0,0,2,0,0,19419,5,3,5,5,5,1,1
1187,26,0,North West,0,1,2,0,0,56961,2,3,2,3,2,0,0
1188,21,1,South South,0,1,2,0,0,19791,5,2,4,4,5,0,1
1189,25,1,South East,1,1,2,0,1,34784,3,3,3,4,5,0,0
1190,20,0,South West,1,1,3,0,1,36979,3,4,4,4,4,1,0
1191,26,1,South West,0,1,2,0,0,27111,4,1,3,4,3,1,0
1192,28,0,South West,0,0,2,0,0,14606,6,1,1,3,3,1,0
1193,29,1,South South,1,1,3,0,0,40962,3,3,3,4,3,0,0
1194,34,0,North East,1,1,3,0,0,64162,2,4,3,2,1,1,0
1195,23,1,South East,0,0,1,0,0,19237,5,5,5,4,4,0,0
1196,33,1,South South,0,0,1,0,0,16206,6,1,3,4,3,1,1
1197,25,0,North Central,1,1,2,0,0,27727,4,4,4,4,3,0,0
1198,34,1,South West,0,1,2,0,0,16019,6,1,3,5,4,0,1
1199,26,0,South West,1,1,3,0,0,61260,2,4,4,2,2,0,0
1200,20,0,North Central,0,0,1,0,0,11052,6,1,3,2,2,1,0
